name,suspicion,confidence,author_questions,editor_roles,genders_tagged
Ольга Неумывакина,woman_tagged_HE,very high,4658,626,HE
Ольга Хворова,woman_tagged_HE,very high,3068,1529,HE
Наталья Кудряшова,woman_tagged_HE,very high,1381,2881,HE
Ольга Кузьма,woman_tagged_HE,high,941,2278,HE
Татьяна Лещенко,woman_tagged_HE,high,2111,330,HE
Мария Клименко,woman_tagged_HE,high,436,1562,HE
Юлия Романовская,woman_tagged_HE,very high,630,849,HE
Оксана Балазанова,woman_tagged_HE,very high,242,1086,HE
Мария Трефилова,woman_tagged_HE,very high,337,924,HE
Ирина Шихова,woman_tagged_HE,very high,50,1169,HE
Татьяна Снеговская-Арш,woman_tagged_HE,high,349,844,HE
Ольга Ярославцева,woman_tagged_HE,very high,280,806,HE
Виктория Маландина,woman_tagged_HE,very high,216,774,HE
Анастасия Русова,woman_tagged_HE,very high,93,824,HE
Юлия Дидбаридзе,woman_tagged_HE,high,339,514,HE
Елена Орлова,woman_tagged_HE,very high,195,600,HE
Наталия Новыш,woman_tagged_HE,high,291,483,HE
Яна Азриэль,woman_tagged_HE,high,356,332,HE
Ирина Величко,woman_tagged_HE,high,611,0,HE
Лидия Иоффе,woman_tagged_HE,high,338,257,HE
Наталья Горелова,woman_tagged_HE,very high,139,372,HE
Юлия Воробьева,woman_tagged_HE,very high,4,499,HE
Юлия Лунёва,woman_tagged_HE,very high,188,310,HE
Валерия Комаровская,woman_tagged_HE,very high,39,427,HE
Марина Межова,woman_tagged_HE,very high,203,258,HE
Дарья Фирсова,woman_tagged_HE,very high,186,230,HE
Елена Каминская,woman_tagged_HE,very high,347,53,HE
Юлия Гафнер,woman_tagged_HE,high,271,120,HE
Наталья Голованова,woman_tagged_HE,very high,373,0,HE
Виктория Штратникова,woman_tagged_HE,very high,133,239,HE
Ирина Михлина,woman_tagged_HE,very high,148,214,HE
Людмила Полякова,woman_tagged_HE,very high,99,232,HE
Елена Потенко,woman_tagged_HE,high,155,157,HE
Надежда Чеботкова,woman_tagged_HE,very high,90,213,HE
Виктория Мелехсон,woman_tagged_HE,high,160,136,HE
Татьяна Аудерская,woman_tagged_HE,very high,280,0,HE
Ольга Ярошенко,woman_tagged_HE,high,176,96,HE
Марина Парр,woman_tagged_HE,high,128,137,HE
Елена Данилевич,woman_tagged_HE,high,100,159,HE
Виктория Казакевич,woman_tagged_HE,high,45,208,HE
Наталия Пачкова,woman_tagged_HE,very high,55,197,HE
Галина Наумова,woman_tagged_HE,very high,242,0,HE
Любовь Лодман,woman_tagged_HE,high,241,0,HE
Наталья Манусаджян,woman_tagged_HE,high,234,0,HE
Елена Морозова,woman_tagged_HE,very high,110,118,HE
Людмила Медведская,woman_tagged_HE,very high,174,54,HE
Дарья Засинец,woman_tagged_HE,high,20,208,HE
Екатерина Свешникова,woman_tagged_HE,very high,106,121,HE
Елена Сиволоб,woman_tagged_HE,high,227,0,HE
Юлия Бейнер,woman_tagged_HE,high,95,132,HE
Евгения Шмулевич,woman_tagged_HE,high,222,0,HE
Елена Фетисова,woman_tagged_HE,very high,27,194,HE
Ирина Тюрикова,woman_tagged_HE,very high,217,0,HE
Людмила Губаева,woman_tagged_HE,very high,53,158,HE
Светлана Бороздина,woman_tagged_HE,very high,209,0,HE
Наталия Турченко,woman_tagged_HE,high,38,171,HE
Екатерина Лобкова,woman_tagged_HE,very high,75,121,HE
Ирина Баяндина,woman_tagged_HE,very high,32,153,HE
Анна Виниченко,woman_tagged_HE,high,49,136,HE
Галина Буланова,woman_tagged_HE,very high,140,44,HE
Ольга Лейба,woman_tagged_HE,high,19,163,HE
Алиса Волкова,woman_tagged_HE,medium,114,67,HE
Татьяна Луговская,woman_tagged_HE,very high,176,0,HE
Татьяна Озерова,woman_tagged_HE,very high,175,0,HE
Алина Рожкова,woman_tagged_HE,very high,26,147,HE
Тамара Климович,woman_tagged_HE,high,173,0,HE
Анна Бограчёва,woman_tagged_HE,very high,82,90,HE
Вера Рабкина,woman_tagged_HE,very high,58,114,HE
Любовь Баладжаева,woman_tagged_HE,very high,7,165,HE
Нонна Сальникова,woman_tagged_HE,medium,11,161,HE
Ксения Пирогова,woman_tagged_HE,very high,85,85,HE
Наталия Криницкая,woman_tagged_HE,very high,100,65,HE
Татьяна Наумова,woman_tagged_HE,very high,63,102,HE
Марина Ножнина,woman_tagged_HE,very high,2,162,HE
Мария Крыленко,woman_tagged_HE,high,77,87,HE
Елена Ганькова,woman_tagged_HE,very high,133,26,HE
Елизавета Овдеенко,woman_tagged_HE,high,102,57,HE
Екатерина Коваль,woman_tagged_HE,high,12,147,HE
Елена Александрова,woman_tagged_HE,very high,153,0,HE
Тамара Пучко,woman_tagged_HE,high,152,0,HE
Ольга Березкина,woman_tagged_HE,very high,129,20,HE
Екатерина Сахарова,woman_tagged_HE,very high,42,105,HE
Любовь Бадикова,woman_tagged_HE,very high,10,132,HE
Екатерина Лукьянова,woman_tagged_HE,very high,21,121,HE
Юлия Воротникова,woman_tagged_HE,very high,105,31,HE
Наталья Бобрикова,woman_tagged_HE,very high,7,126,HE
Ольга Вострикова,woman_tagged_HE,very high,38,90,HE
Галина Островерхова,woman_tagged_HE,very high,127,0,HE
Екатерина Абрамова,woman_tagged_HE,very high,46,78,HE
Людмила Дауенова,woman_tagged_HE,very high,120,0,HE
Юлия Новик,woman_tagged_HE,high,68,52,HE
Лилия Куринная,woman_tagged_HE,very high,119,0,HE
Елена Венгерская,woman_tagged_HE,very high,80,38,HE
Оксана Евзикова,woman_tagged_HE,very high,118,0,HE
Елена Щепкина,woman_tagged_HE,very high,12,105,HE
Елена Немец,woman_tagged_HE,high,99,17,HE
Татьяна Кукина,woman_tagged_HE,very high,114,0,HE
Юлия Кощеева,woman_tagged_HE,very high,85,27,HE
Ирина Ладвищенко,woman_tagged_HE,high,13,99,HE
Анастасия Рубашкина,woman_tagged_HE,very high,70,40,HE
Елена Гинзбург,woman_tagged_HE,high,110,0,HE
Екатерина Доцюк,woman_tagged_HE,high,24,84,HE
Любовь Кочанова,woman_tagged_HE,very high,62,45,HE
Лариса Диканская,woman_tagged_HE,very high,106,0,HE
Лариса Бездудная,woman_tagged_HE,very high,105,0,HE
Евгения Ширяева,woman_tagged_HE,very high,46,58,HE
Дарья Аммосова,woman_tagged_HE,very high,98,0,HE
Нина Анашина,woman_tagged_HE,very high,96,0,HE
Светлана Орлова,woman_tagged_HE,very high,56,39,HE
Майя Разорёнова,woman_tagged_HE,very high,7,88,HE
Анастасия Морозова,woman_tagged_HE,very high,30,65,HE
Арина Шеповалова,woman_tagged_HE,very high,28,67,HE
Ирина Хан,woman_tagged_HE,high,95,0,HE
Ася Самойлова,woman_tagged_HE,medium,34,61,HE
Евгения Канищева,woman_tagged_HE,very high,94,0,HE
Юлия Фукельман,woman_tagged_HE,high,14,80,HE
Марина Ермак,woman_tagged_HE,high,9,85,HE
Дария Жылкыбаева,woman_tagged_HE,medium,43,51,HE
Олеся Доронина,woman_tagged_HE,very high,1,92,HE
Дарья Коровкина,woman_tagged_HE,very high,35,58,HE
Мария Воронец,woman_tagged_HE,high,43,50,HE
Ирина Пинегина,woman_tagged_HE,very high,28,63,HE
Алина Иванова,woman_tagged_HE,very high,90,0,HE
Анна Бабушкина,woman_tagged_HE,very high,75,14,HE
Екатерина Скворцова,woman_tagged_HE,very high,34,55,HE
Ольга Ковалева,woman_tagged_HE,very high,0,88,HE
Юлия Балунда,woman_tagged_HE,high,33,55,HE
Кристина Кораблина,woman_tagged_HE,very high,18,68,HE
Мария Киут,woman_tagged_HE,high,4,80,HE
Лидия Сомова,woman_tagged_HE,very high,44,38,HE
Екатерина Самусенко,woman_tagged_HE,high,41,40,HE
Ольга Резницкая,woman_tagged_HE,very high,27,53,HE
Анастасия Балмакова,woman_tagged_HE,very high,41,38,HE
Анна Врублевская,woman_tagged_HE,very high,79,0,HE
Елена Болган,woman_tagged_HE,high,22,57,HE
Ирина Палфинова,woman_tagged_HE,very high,78,0,HE
Любовь Крючкова,woman_tagged_HE,very high,76,0,HE
Наталья Шабрыкина,woman_tagged_HE,very high,76,0,HE
Екатерина Говорущенко,woman_tagged_HE,high,75,0,HE
Марина Краснер,woman_tagged_HE,high,18,56,HE
Инна Пискун,woman_tagged_HE,high,74,0,HE
Ирина Кофман,woman_tagged_HE,high,74,0,HE
Анна Дуплищева,woman_tagged_HE,very high,72,0,HE
Анастасия Дробышева,woman_tagged_HE,very high,30,42,HE
Анастасия Мартынова,woman_tagged_HE,very high,54,17,HE
Ольга Цейтлин,woman_tagged_HE,high,8,63,HE
Екатерина Никитина,woman_tagged_HE,very high,70,0,HE
Наталья Степурина,woman_tagged_HE,very high,30,40,HE
Марина Верцешук,woman_tagged_HE,high,46,23,HE
Галина Залесская,woman_tagged_HE,very high,68,0,HE
Евгения Колпащикова,woman_tagged_HE,very high,26,42,HE
Татьяна Давидюк,woman_tagged_HE,high,28,40,HE
Наиля Курмашёва,woman_tagged_HE,medium,68,0,HE
Наталия Рыжанова,woman_tagged_HE,very high,67,0,HE
Лариса Архипова,woman_tagged_HE,very high,67,0,HE
Наталья Софилканич,woman_tagged_HE,high,66,0,HE
Анастасия Крюкова,woman_tagged_HE,very high,25,40,HE
Вера Назарова,woman_tagged_HE,very high,64,0,HE
Инна Семёнова,woman_tagged_HE,very high,29,34,HE
Ольга Мордвина,woman_tagged_HE,very high,63,0,HE
Юлия Смирнова,woman_tagged_HE,very high,61,0,HE
Ксения Милова,woman_tagged_HE,very high,0,61,HE
Екатерина Беленко,woman_tagged_HE,high,61,0,HE
Соня Шнайдер,woman_tagged_HE,high,61,0,HE
Александра Сладкова,woman_tagged_HE,medium,10,51,HE
Алиса Чернявская,woman_tagged_HE,medium,0,61,HE
Мария Деева,woman_tagged_HE,very high,5,55,HE
Елена Богловская,woman_tagged_HE,very high,60,0,HE
Ангелина Барканова,woman_tagged_HE,very high,5,55,HE
Елена Лукаш,woman_tagged_HE,high,18,42,HE
Наталья Реброва,woman_tagged_HE,very high,59,0,HE
Ольга Ивенская,woman_tagged_HE,very high,59,0,HE
Юлия Маляревич,woman_tagged_HE,high,25,34,HE
Анастасия Литвиненко,woman_tagged_HE,high,37,22,HE
Татьяна Алдошина,woman_tagged_HE,very high,58,0,HE
Екатерина Мереминская,woman_tagged_HE,very high,58,0,HE
Анастасия Саврасова,woman_tagged_HE,very high,9,48,HE
Анита Корчагина,woman_tagged_HE,medium,15,42,HE
Екатерина Лукьянцева,woman_tagged_HE,very high,22,34,HE
Ольга Мельникова,woman_tagged_HE,very high,55,0,HE
Ирина Мягкова,woman_tagged_HE,very high,55,0,HE
Екатерина Юрьева,woman_tagged_HE,very high,15,40,HE
Вера Бекелева,woman_tagged_HE,very high,54,0,HE
Софья Вискова,woman_tagged_HE,very high,54,0,HE
Ирина Колесникова,woman_tagged_HE,very high,54,0,HE
Ольга Климович,woman_tagged_HE,high,54,0,HE
Анна Дубина-Красковская,woman_tagged_HE,very high,11,42,HE
Диана Агейченкова,woman_tagged_HE,very high,37,16,HE
Ангелина Теодорович,woman_tagged_HE,high,31,22,HE
Жанна Сидорук,woman_tagged_HE,high,23,30,HE
Александра Киланова,woman_tagged_HE,medium,53,0,HE
Ирина Прокофьева,woman_tagged_HE,very high,52,0,HE
Яна Гайдарова,woman_tagged_HE,very high,24,28,HE
Надежда Чуйко,woman_tagged_HE,high,52,0,HE
Екатерина Тапильская,woman_tagged_HE,very high,9,42,HE
Дарья Коротина,woman_tagged_HE,very high,51,0,HE
Евгения Федорущенко,woman_tagged_HE,high,51,0,HE
Людмила Матвиенко,woman_tagged_HE,high,51,0,HE
Мария Эйхгольц,woman_tagged_HE,high,8,43,HE
Ольга Гурфова,woman_tagged_HE,very high,2,48,HE
Елизавета Донцова,woman_tagged_HE,very high,9,41,HE
Дарья Горбачёва,woman_tagged_HE,very high,23,26,HE
Евгения Шарипова,woman_tagged_HE,very high,17,32,HE
Любовь Тамаркина,woman_tagged_HE,very high,49,0,HE
Анастасия Егорова,woman_tagged_HE,very high,49,0,HE
Анна Хмельницкая,woman_tagged_HE,very high,49,0,HE
Татьяна Ярославцева,woman_tagged_HE,very high,9,40,HE
Ирина Пашанина,woman_tagged_HE,very high,47,0,HE
Наталья Горкальцева,woman_tagged_HE,very high,47,0,HE
Марина Загребельная,woman_tagged_HE,very high,47,0,HE
Дарья Леонова,woman_tagged_HE,very high,0,46,HE
Анастасия Волкова,woman_tagged_HE,very high,43,3,HE
Светлана Переверзева,woman_tagged_HE,very high,45,0,HE
Татьяна Барская,woman_tagged_HE,very high,45,0,HE
Мария Батутина,woman_tagged_HE,very high,5,40,HE
Екатерина Андрющенко,woman_tagged_HE,high,45,0,HE
Юлия Лапшина,woman_tagged_HE,very high,16,28,HE
Алёна Повышева,woman_tagged_HE,very high,13,30,HE
Юлия Петрова,woman_tagged_HE,very high,43,0,HE
Ольга Елисеева,woman_tagged_HE,very high,43,0,HE
Анна Ялынычева,woman_tagged_HE,very high,3,40,HE
Алина Хаматнурова,woman_tagged_HE,very high,14,29,HE
Людмила Шувалова,woman_tagged_HE,very high,42,0,HE
Елена Кочемировская,woman_tagged_HE,very high,8,34,HE
Екатерина Дубровская,woman_tagged_HE,very high,3,39,HE
Елизавета Лысенко,woman_tagged_HE,high,9,33,HE
Мария Колосовская,woman_tagged_HE,very high,41,0,HE
Алина Юсупова,woman_tagged_HE,very high,1,40,HE
Ольга Агаханова,woman_tagged_HE,very high,8,33,HE
Елена Фомина,woman_tagged_HE,very high,41,0,HE
Яна Волкова,woman_tagged_HE,very high,41,0,HE
Софья Осминкина,woman_tagged_HE,very high,41,0,HE
Наталья Кураликова,woman_tagged_HE,very high,1,40,HE
Дарья Русакова,woman_tagged_HE,very high,40,0,HE
Валентина Андреева,woman_tagged_HE,very high,0,40,HE
Елена Пахомова,woman_tagged_HE,very high,1,39,HE
Галина Музычка,woman_tagged_HE,high,0,40,HE
Ирина Каглян,woman_tagged_HE,high,0,40,HE
Анна Смирнова,woman_tagged_HE,very high,39,0,HE
Ксения Езерская,woman_tagged_HE,very high,1,38,HE
Дарья Костенко,woman_tagged_HE,high,7,32,HE
Татьяна Бороздина,woman_tagged_HE,very high,38,0,HE
Елена Штемберг,woman_tagged_HE,high,38,0,HE
Елизавета Мельник,woman_tagged_HE,high,4,34,HE
Галина Пактовская,woman_tagged_HE,very high,20,17,HE
Екатерина Смирнова,woman_tagged_HE,very high,37,0,HE
Светлана Бурлак,woman_tagged_HE,high,37,0,HE
Алена Романенко,woman_tagged_HE,high,11,26,HE
Татьяна Мороз,woman_tagged_HE,high,22,15,HE
Анна Толкачёва,woman_tagged_HE,very high,36,0,HE
Дарья Бычкова,woman_tagged_HE,very high,22,14,HE
Ольга Никитина,woman_tagged_HE,very high,36,0,HE
Елена Антонова,woman_tagged_HE,very high,22,14,HE
Ольга Кашина,woman_tagged_HE,very high,36,0,HE
Анна Резникова,woman_tagged_HE,very high,36,0,HE
Дарья Теплякова,woman_tagged_HE,very high,14,22,HE
Юлия Ольштейн,woman_tagged_HE,high,36,0,HE
Марина Розенбаум,woman_tagged_HE,high,36,0,HE
Татьяна Моносова,woman_tagged_HE,very high,35,0,HE
Ирина Никонец,woman_tagged_HE,high,35,0,HE
Ольга Шишко,woman_tagged_HE,high,35,0,HE
Юлия Милова,woman_tagged_HE,very high,26,8,HE
Анна Орлова,woman_tagged_HE,very high,34,0,HE
Анна Белкина,woman_tagged_HE,very high,34,0,HE
Марина Александрова,woman_tagged_HE,very high,8,26,HE
Валентина Ткачёва,woman_tagged_HE,very high,19,15,HE
Елена Карапетян,woman_tagged_HE,high,34,0,HE
Станислава Журавлева,woman_tagged_HE,medium,34,0,HE
Александра Чирятьева,woman_tagged_HE,medium,16,18,HE
Мария Коврижкина,woman_tagged_HE,very high,33,0,HE
Елена Коновалова,woman_tagged_HE,very high,33,0,HE
Ольга Левина,woman_tagged_HE,very high,33,0,HE
Лидия Иванова,woman_tagged_HE,very high,33,0,HE
Анна Свирина,woman_tagged_HE,very high,18,14,HE
Наталья Вострикова,woman_tagged_HE,very high,32,0,HE
София Рапопорт,woman_tagged_HE,high,32,0,HE
Анна Мкртчян,woman_tagged_HE,high,32,0,HE
Марина Бондаренко,woman_tagged_HE,high,18,14,HE
Рената Шуляковская,woman_tagged_HE,medium,4,28,HE
Дарья Фролова,woman_tagged_HE,very high,31,0,HE
Анна Зайцева,woman_tagged_HE,very high,31,0,HE
Дарья Каканова,woman_tagged_HE,very high,14,17,HE
Надежда Беспалова,woman_tagged_HE,very high,30,0,HE
Юлия Силинг,woman_tagged_HE,high,30,0,HE
Вероника Ромашова,woman_tagged_HE,very high,29,0,HE
Ира Шешнёва,woman_tagged_HE,very high,29,0,HE
Татьяна Топчева,woman_tagged_HE,very high,29,0,HE
Екатерина Сосенко,woman_tagged_HE,high,29,0,HE
Юлия Сергиенко,woman_tagged_HE,high,29,0,HE
Дениза Мансурова,woman_tagged_HE,medium,3,26,HE
Анна Коновалова,woman_tagged_HE,very high,28,0,HE
Екатерина Павлова,woman_tagged_HE,very high,28,0,HE
Светлана Кутергина,woman_tagged_HE,very high,28,0,HE
Мария Дроздова,woman_tagged_HE,very high,28,0,HE
Екатерина Ковалева,woman_tagged_HE,very high,28,0,HE
Галина Орлова-Стилиянова,woman_tagged_HE,very high,28,0,HE
Ольга Ефлова,woman_tagged_HE,very high,28,0,HE
Полина Дунаева,woman_tagged_HE,very high,13,15,HE
Мария Трощило,woman_tagged_HE,high,14,14,HE
Лилия Давидович,woman_tagged_HE,high,28,0,HE
Юлия Закс,woman_tagged_HE,high,28,0,HE
Екатерина Остапчук,woman_tagged_HE,high,1,27,HE
Елизавета Хадорич,woman_tagged_HE,high,2,26,HE
Лея Монина,woman_tagged_HE,medium,14,14,HE
Марина Лашина,woman_tagged_HE,very high,0,27,HE
Вероника Беляева,woman_tagged_HE,very high,13,14,HE
Елена Черных,woman_tagged_HE,high,27,0,HE
Юлия Рабинович,woman_tagged_HE,high,27,0,HE
Белла Шалмиева,woman_tagged_HE,medium,4,23,HE
Татьяна Соловьева,woman_tagged_HE,very high,26,0,HE
Надежда Напольская,woman_tagged_HE,very high,10,16,HE
Мария Докучаева,woman_tagged_HE,very high,10,16,HE
Диана Ильягуева,woman_tagged_HE,very high,12,14,HE
Мария Асадуллина,woman_tagged_HE,very high,26,0,HE
Мария Киселёва,woman_tagged_HE,very high,0,26,HE
Виолетта Слесаренко-Крайнова,woman_tagged_HE,very high,26,0,HE
Татьяна Макаронова,woman_tagged_HE,very high,26,0,HE
Евгения Синичкина,woman_tagged_HE,very high,26,0,HE
Дарья Любинская,woman_tagged_HE,very high,12,14,HE
Алёна Бариева,woman_tagged_HE,very high,12,14,HE
Наталья Райбман,woman_tagged_HE,high,26,0,HE
Анна Майсюк,woman_tagged_HE,high,26,0,HE
Виктория Туйск,woman_tagged_HE,high,26,0,HE
Екатерина Дорошенко,woman_tagged_HE,high,11,15,HE
София Байдюк,woman_tagged_HE,high,12,14,HE
Ирина Данилюк,woman_tagged_HE,high,12,14,HE
Мария Бабичева,woman_tagged_HE,very high,9,16,HE
Маргарита Савицкая,woman_tagged_HE,very high,8,17,HE
Ксения Дмитриева,woman_tagged_HE,very high,25,0,HE
Наталья Сычёва,woman_tagged_HE,very high,25,0,HE
Ольга Болдова,woman_tagged_HE,very high,25,0,HE
Анна Пищулина,woman_tagged_HE,very high,25,0,HE
Вера Круз,woman_tagged_HE,high,9,16,HE
Любовь Пиварелис,woman_tagged_HE,high,25,0,HE
Наталья Черных,woman_tagged_HE,high,25,0,HE
Софья Чайкун,woman_tagged_HE,high,11,14,HE
Анна Гутерман,woman_tagged_HE,high,25,0,HE
Татьяна Апине,woman_tagged_HE,high,25,0,HE
Кира Золотовская,woman_tagged_HE,medium,10,15,HE
Наталья Самсонова,woman_tagged_HE,very high,24,0,HE
Виктория Кузнецова,woman_tagged_HE,very high,24,0,HE
Анна Белицкая,woman_tagged_HE,very high,24,0,HE
Светлана Морозова,woman_tagged_HE,very high,24,0,HE
Алина Воронина,woman_tagged_HE,very high,7,17,HE
Марина Кривиц,woman_tagged_HE,high,24,0,HE
Елена Клейн,woman_tagged_HE,high,24,0,HE
Марина Шода,woman_tagged_HE,high,24,0,HE
Елена Погребатько,woman_tagged_HE,high,24,0,HE
Анастасия Щур,woman_tagged_HE,high,7,17,HE
Александра Косолапова,woman_tagged_HE,medium,23,1,HE
Ирина Зайковская,woman_tagged_HE,very high,23,0,HE
Галина Бирюкова,woman_tagged_HE,very high,23,0,HE
Ирина Чудиновских,woman_tagged_HE,high,23,0,HE
Татьяна Тарасова,woman_tagged_HE,very high,22,0,HE
Динара Адылова,woman_tagged_HE,very high,22,0,HE
Анастасия Мишкина,woman_tagged_HE,very high,22,0,HE
Олеся Роменская,woman_tagged_HE,very high,8,14,HE
Полина Завтрикова,woman_tagged_HE,very high,22,0,HE
Татьяна Янович,woman_tagged_HE,high,22,0,HE
Алена Малько,woman_tagged_HE,high,22,0,HE
Анастасия Каганович,woman_tagged_HE,high,8,14,HE
Александра Генова,woman_tagged_HE,medium,8,14,HE
Анна Трушкина,woman_tagged_HE,very high,21,0,HE
Екатерина Федякова,woman_tagged_HE,very high,21,0,HE
Марина Левина,woman_tagged_HE,very high,21,0,HE
Алена Шведчикова,woman_tagged_HE,very high,21,0,HE
Евгения Байбакова,woman_tagged_HE,very high,21,0,HE
Ирина Прушинская,woman_tagged_HE,very high,21,0,HE
Вероника Лапина,woman_tagged_HE,very high,21,0,HE
Наталья Бурковская,woman_tagged_HE,very high,21,0,HE
Виктория Воронежская,woman_tagged_HE,very high,21,0,HE
Елена Демидова,woman_tagged_HE,very high,21,0,HE
Юлия Кудрявцева,woman_tagged_HE,very high,21,0,HE
Светлана Барская,woman_tagged_HE,very high,6,15,HE
Галина Потапова,woman_tagged_HE,very high,21,0,HE
Дарья Горянина,woman_tagged_HE,very high,7,14,HE
Варвара Капитульская,woman_tagged_HE,very high,6,15,HE
Анна Мошкорина,woman_tagged_HE,very high,7,14,HE
Лариса Стрильчук,woman_tagged_HE,high,21,0,HE
Ольга Клиот,woman_tagged_HE,high,21,0,HE
Эвелина Баранская,woman_tagged_HE,medium,21,0,HE
Анна Полетаева,woman_tagged_HE,very high,20,0,HE
Екатерина Гусева,woman_tagged_HE,very high,20,0,HE
Татьяна Алексеева,woman_tagged_HE,very high,20,0,HE
Юлия Калюкова,woman_tagged_HE,very high,20,0,HE
Ольга Шиншинова,woman_tagged_HE,very high,6,14,HE
Дарья Базовкина,woman_tagged_HE,very high,20,0,HE
Ирина Резникова,woman_tagged_HE,very high,20,0,HE
Наталья Щукина,woman_tagged_HE,very high,20,0,HE
Татьяна Гуляева,woman_tagged_HE,very high,20,0,HE
Арина Баранова,woman_tagged_HE,very high,6,14,HE
Ксения Баранова,woman_tagged_HE,very high,6,14,HE
Мария Юнгер,woman_tagged_HE,high,20,0,HE
Ника Агладзе,woman_tagged_HE,high,20,0,HE
Людмила Балаба,woman_tagged_HE,high,20,0,HE
Инна Друзь,woman_tagged_HE,high,20,0,HE
Елена Пасечник,woman_tagged_HE,high,20,0,HE
Яна Ют,woman_tagged_HE,high,20,0,HE
Марьяна Скуратовская,woman_tagged_HE,medium,20,0,HE
Алия Агаева,woman_tagged_HE,medium,4,16,HE
Юлия Максимцова,woman_tagged_HE,very high,19,0,HE
Екатерина Лапина,woman_tagged_HE,very high,19,0,HE
Мария Лазарева,woman_tagged_HE,very high,19,0,HE
Полина Белостоцкая,woman_tagged_HE,very high,19,0,HE
Елена Жуковская,woman_tagged_HE,very high,19,0,HE
Елена Путилова,woman_tagged_HE,very high,19,0,HE
Яна Котловская,woman_tagged_HE,very high,19,0,HE
Анна Матвеева,woman_tagged_HE,very high,19,0,HE
Варвара Шатова,woman_tagged_HE,very high,5,14,HE
Анна Вашкевич,woman_tagged_HE,high,8,11,HE
Лариса Шапиро,woman_tagged_HE,high,19,0,HE
Анна Топаж,woman_tagged_HE,high,3,16,HE
Ольга Шевчук,woman_tagged_HE,high,19,0,HE
Оксана Корнеевец,woman_tagged_HE,high,5,14,HE
Мила Городницкая,woman_tagged_HE,medium,19,0,HE
Надежда Лейчинская,woman_tagged_HE,very high,18,0,HE
Екатерина Данина,woman_tagged_HE,very high,18,0,HE
Ольга Дымарская,woman_tagged_HE,very high,18,0,HE
Екатерина Белостоцкая,woman_tagged_HE,very high,18,0,HE
Вера Костягина,woman_tagged_HE,very high,18,0,HE
Ольга Макарова,woman_tagged_HE,very high,9,9,HE
Инна Цирлина,woman_tagged_HE,very high,18,0,HE
Анастасия Стебалина,woman_tagged_HE,very high,18,0,HE
Елена Кислицына,woman_tagged_HE,very high,18,0,HE
Марина Морозова,woman_tagged_HE,very high,18,0,HE
Елизавета Иванова,woman_tagged_HE,very high,18,0,HE
Татьяна Лещинская,woman_tagged_HE,very high,18,0,HE
Инна Грановская,woman_tagged_HE,very high,18,0,HE
Татьяна Мартынова,woman_tagged_HE,very high,18,0,HE
Лариса Антипова,woman_tagged_HE,very high,18,0,HE
Ксения Чиндарова,woman_tagged_HE,very high,18,0,HE
Анна Фёдорова,woman_tagged_HE,very high,1,17,HE
Светлана Абрамова,woman_tagged_HE,very high,2,16,HE
Жанна Касенова,woman_tagged_HE,very high,4,14,HE
Екатерина Новак,woman_tagged_HE,high,18,0,HE
Ирина Ющенко,woman_tagged_HE,high,18,0,HE
Ольга Зайденварг,woman_tagged_HE,high,18,0,HE
Виктория Головня,woman_tagged_HE,high,1,17,HE
Софья Болгаренко,woman_tagged_HE,high,3,15,HE
Александра Сахарова,woman_tagged_HE,medium,4,14,HE
Дарьяна Добрянская,woman_tagged_HE,medium,4,14,HE
Виктория Холодова,woman_tagged_HE,very high,17,0,HE
Анастасия Шутова,woman_tagged_HE,very high,17,0,HE
Мария Пилюгина,woman_tagged_HE,very high,17,0,HE
Дарья Гвоздёва,woman_tagged_HE,very high,17,0,HE
Нина Климина,woman_tagged_HE,very high,17,0,HE
Евгения Рычкова,woman_tagged_HE,very high,17,0,HE
Екатерина Кедрова,woman_tagged_HE,very high,17,0,HE
Юлия Малютина,woman_tagged_HE,very high,3,14,HE
Екатерина Цупикова,woman_tagged_HE,very high,17,0,HE
Екатерина Кузнецова,woman_tagged_HE,very high,16,1,HE
Екатерина Махина,woman_tagged_HE,very high,17,0,HE
Виктория Доронина,woman_tagged_HE,very high,17,0,HE
Евгения Далимаева,woman_tagged_HE,very high,17,0,HE
Оксана Коробейникова,woman_tagged_HE,very high,16,1,HE
Елизавета Кувайцева,woman_tagged_HE,very high,3,14,HE
Анна Булина,woman_tagged_HE,very high,1,16,HE
Екатерина Макоед,woman_tagged_HE,high,17,0,HE
Юлия Кириленко,woman_tagged_HE,high,17,0,HE
Екатерина Губарева,woman_tagged_HE,very high,16,0,HE
Ирина Оловянная,woman_tagged_HE,very high,16,0,HE
Лариса Ольховская,woman_tagged_HE,very high,16,0,HE
Ольга Сартакова,woman_tagged_HE,very high,16,0,HE
Наталья Зверева,woman_tagged_HE,very high,16,0,HE
Ольга Овсянникова,woman_tagged_HE,very high,16,0,HE
Екатерина Терешенкова,woman_tagged_HE,very high,15,1,HE
Анна Фролова,woman_tagged_HE,very high,1,15,HE
Дарья Беличенко,woman_tagged_HE,high,16,0,HE
Наталия Руберте,woman_tagged_HE,high,15,1,HE
Ирина Кац,woman_tagged_HE,high,16,0,HE
Мария Мартысевич,woman_tagged_HE,high,16,0,HE
Анна Фрид,woman_tagged_HE,high,16,0,HE
Наталия Кокоз,woman_tagged_HE,high,16,0,HE
Марина Жмудяк,woman_tagged_HE,high,16,0,HE
Наталья Левених,woman_tagged_HE,high,16,0,HE
Елена Заименко,woman_tagged_HE,high,16,0,HE
Ольга Степанянц,woman_tagged_HE,high,16,0,HE
Алевтина Сычева,woman_tagged_HE,medium,16,0,HE
Юлия Мещерякова,woman_tagged_HE,very high,15,0,HE
Маргарита Махрова,woman_tagged_HE,very high,1,14,HE
Ольга Потапова,woman_tagged_HE,very high,15,0,HE
Светлана Ланкина,woman_tagged_HE,very high,15,0,HE
Мария Пастухова,woman_tagged_HE,very high,15,0,HE
Виктория Ромашова,woman_tagged_HE,very high,15,0,HE
Ольга Ильина,woman_tagged_HE,very high,15,0,HE
Галина Лазарева,woman_tagged_HE,very high,15,0,HE
Алена Райгородецкая,woman_tagged_HE,very high,15,0,HE
Инна Непокрытова,woman_tagged_HE,very high,15,0,HE
Ольга Успанова,woman_tagged_HE,very high,15,0,HE
Екатерина Лосева,woman_tagged_HE,very high,15,0,HE
Екатерина Черняева,woman_tagged_HE,very high,1,14,HE
Анна Марковская,woman_tagged_HE,very high,1,14,HE
Ольга Семенцова,woman_tagged_HE,very high,15,0,HE
Виктория Корнеева,woman_tagged_HE,very high,1,14,HE
Ольга Амеличкина,woman_tagged_HE,very high,15,0,HE
Софья Окунь,woman_tagged_HE,high,15,0,HE
Татьяна Шаренко,woman_tagged_HE,high,1,14,HE
Елена Михайлик,woman_tagged_HE,high,15,0,HE
Полина Гершберг,woman_tagged_HE,high,15,0,HE
Ольга Кижло,woman_tagged_HE,high,15,0,HE
Светлана Новак,woman_tagged_HE,high,15,0,HE
Мария Лисяк,woman_tagged_HE,high,1,14,HE
Сильвина Иткинова,woman_tagged_HE,medium,15,0,HE
Елена Столярова,woman_tagged_HE,very high,14,0,HE
Мария Костина,woman_tagged_HE,very high,14,0,HE
Анна Чугреева,woman_tagged_HE,very high,13,1,HE
Ксения Рушинская,woman_tagged_HE,very high,14,0,HE
Ирина Галкина,woman_tagged_HE,very high,14,0,HE
Анна Голошубина,woman_tagged_HE,very high,14,0,HE
Евгения Ларионова,woman_tagged_HE,very high,14,0,HE
Юлия Познянская,woman_tagged_HE,very high,14,0,HE
Лиза Чалдаева,woman_tagged_HE,very high,14,0,HE
Ксения Захарова,woman_tagged_HE,very high,14,0,HE
Екатерина Филимонова,woman_tagged_HE,very high,14,0,HE
Ирина Клопова,woman_tagged_HE,very high,14,0,HE
Дарья Боткина,woman_tagged_HE,very high,14,0,HE
Елена Красникова,woman_tagged_HE,very high,14,0,HE
Дарья Шевцова,woman_tagged_HE,very high,2,12,HE
Надежда Корнишина,woman_tagged_HE,very high,0,14,HE
Тамара Корнеева,woman_tagged_HE,very high,0,14,HE
Ольга Укадер,woman_tagged_HE,high,14,0,HE
Ольга Деркач,woman_tagged_HE,high,14,0,HE
Ольга Вовк,woman_tagged_HE,high,14,0,HE
Мария Липшиц,woman_tagged_HE,high,14,0,HE
Юлия Шинкаренко,woman_tagged_HE,high,14,0,HE
Дина Михайленко,woman_tagged_HE,high,14,0,HE
Екатерина Эйзнер,woman_tagged_HE,high,0,14,HE
Людмила Угольнова,woman_tagged_HE,very high,13,0,HE
Алина Антипова,woman_tagged_HE,very high,13,0,HE
Елена Кисленкова,woman_tagged_HE,very high,13,0,HE
Маргарита Белкина,woman_tagged_HE,very high,13,0,HE
Анастасия Грибановская,woman_tagged_HE,very high,13,0,HE
Марина Дудоладова,woman_tagged_HE,very high,13,0,HE
Юлия Кулакова,woman_tagged_HE,very high,13,0,HE
Татьяна Мозолева,woman_tagged_HE,very high,13,0,HE
Ирина Горячева,woman_tagged_HE,very high,13,0,HE
Татьяна Чеманова,woman_tagged_HE,very high,13,0,HE
Ирина Жаркова,woman_tagged_HE,very high,13,0,HE
Светлана Запорникова,woman_tagged_HE,very high,13,0,HE
Светлана Калинковская,woman_tagged_HE,very high,13,0,HE
Евгения Семенюк,woman_tagged_HE,high,13,0,HE
Елена Штепан,woman_tagged_HE,high,13,0,HE
Людмила Сидоренко,woman_tagged_HE,high,13,0,HE
Марина Мацкевич,woman_tagged_HE,high,13,0,HE
Наталья Фельдман,woman_tagged_HE,high,13,0,HE
Марьяна Зборовская,woman_tagged_HE,medium,13,0,HE
Мария Сергушичева,woman_tagged_HE,very high,12,0,HE
Евгения Сальникова,woman_tagged_HE,very high,12,0,HE
Евгения Мухачёва,woman_tagged_HE,very high,12,0,HE
Мария Карпова,woman_tagged_HE,very high,12,0,HE
Светлана Сорокина,woman_tagged_HE,very high,12,0,HE
Ольга Чепанова,woman_tagged_HE,very high,12,0,HE
Мария Фролова,woman_tagged_HE,very high,12,0,HE
Евгения Крутинина,woman_tagged_HE,very high,12,0,HE
Мария Томашевская,woman_tagged_HE,very high,11,1,HE
Клавдия Карпачёва,woman_tagged_HE,very high,12,0,HE
Ирина Емельянова,woman_tagged_HE,very high,12,0,HE
Анна Варшавская,woman_tagged_HE,very high,12,0,HE
Ольга Богатова,woman_tagged_HE,very high,12,0,HE
Анна Зиборова,woman_tagged_HE,very high,12,0,HE
Ирина Браиловская,woman_tagged_HE,very high,12,0,HE
Юлия Фейгина,woman_tagged_HE,very high,12,0,HE
Ирина Буковцева,woman_tagged_HE,very high,12,0,HE
Олеся Покорная,woman_tagged_HE,very high,12,0,HE
Ольга Гриднева,woman_tagged_HE,very high,12,0,HE
Галина Макарова,woman_tagged_HE,very high,12,0,HE
Ирина Бряхнэ,woman_tagged_HE,high,12,0,HE
Ирина Вахрив,woman_tagged_HE,high,12,0,HE
Елена Дубровнер,woman_tagged_HE,high,12,0,HE
Юлия Кальменс,woman_tagged_HE,high,12,0,HE
Татьяна Землеруб,woman_tagged_HE,high,12,0,HE
Светлана Соловых,woman_tagged_HE,high,12,0,HE
Елена Колчак,woman_tagged_HE,high,12,0,HE
Елена Шибут,woman_tagged_HE,high,12,0,HE
Ирина Кириченко,woman_tagged_HE,high,12,0,HE
Катя Слоненко,woman_tagged_HE,high,12,0,HE
Алиса Балина,woman_tagged_HE,medium,12,0,HE
Ирина Зосимова,woman_tagged_HE,very high,11,0,HE
Екатерина Миротина,woman_tagged_HE,very high,11,0,HE
Марина Крылова,woman_tagged_HE,very high,11,0,HE
Екатерина Дворядкина,woman_tagged_HE,very high,11,0,HE
Юлия Жоголева,woman_tagged_HE,very high,11,0,HE
Елена Завьялова,woman_tagged_HE,very high,11,0,HE
Анна Ефремова,woman_tagged_HE,very high,11,0,HE
Анна Герасимова,woman_tagged_HE,very high,11,0,HE
Нина Животовская,woman_tagged_HE,very high,11,0,HE
Елена Дуванова,woman_tagged_HE,very high,11,0,HE
Елена Межнева,woman_tagged_HE,very high,11,0,HE
Анастасия Дёмкина,woman_tagged_HE,very high,11,0,HE
Евгения Духопельникова,woman_tagged_HE,very high,11,0,HE
Марина Мытрова,woman_tagged_HE,very high,11,0,HE
Ульяна Менчикова,woman_tagged_HE,very high,11,0,HE
Дарья Кондратьева,woman_tagged_HE,very high,11,0,HE
Варвара Секова,woman_tagged_HE,very high,11,0,HE
Елена Полонская,woman_tagged_HE,very high,10,1,HE
Татьяна Суконкина,woman_tagged_HE,very high,11,0,HE
Ольга Зарецкова,woman_tagged_HE,very high,11,0,HE
Светлана Горская,woman_tagged_HE,very high,11,0,HE
Ольга Павлова,woman_tagged_HE,very high,11,0,HE
Анна Кобзарева,woman_tagged_HE,very high,11,0,HE
Анастасия Муратова,woman_tagged_HE,very high,11,0,HE
Елена Ханенкова,woman_tagged_HE,very high,11,0,HE
Жанна Зосимова,woman_tagged_HE,very high,11,0,HE
Татьяна Волковая,woman_tagged_HE,high,11,0,HE
Елена Даскал,woman_tagged_HE,high,11,0,HE
Дарья Данилевич,woman_tagged_HE,high,11,0,HE
Мария Шмилевич,woman_tagged_HE,high,10,1,HE
Ирина Урвант,woman_tagged_HE,high,11,0,HE
Ольга Клочко,woman_tagged_HE,high,11,0,HE
Ирина Борисенко,woman_tagged_HE,high,11,0,HE
Эльмира Бугазова,woman_tagged_HE,medium,11,0,HE
Джамиля Азизова,woman_tagged_HE,medium,11,0,HE
Елена Грунтова,woman_tagged_HE,very high,10,0,HE
Марина Курусева,woman_tagged_HE,very high,10,0,HE
Юлия Луговская,woman_tagged_HE,very high,10,0,HE
Влада Батыгина,woman_tagged_HE,very high,10,0,HE
Евгения Чертанова,woman_tagged_HE,very high,10,0,HE
Маргарита Макарова,woman_tagged_HE,very high,10,0,HE
Ксения Батуева,woman_tagged_HE,very high,10,0,HE
Ольга Пряжникова,woman_tagged_HE,very high,10,0,HE
Елена Павлова,woman_tagged_HE,very high,10,0,HE
Мария Ильина,woman_tagged_HE,very high,10,0,HE
Юля Устюжанина,woman_tagged_HE,very high,10,0,HE
Евгения Пятигорская,woman_tagged_HE,very high,10,0,HE
Мария Наумова,woman_tagged_HE,very high,10,0,HE
Римма Затковецкая,woman_tagged_HE,very high,10,0,HE
Гузель Файзуллина,woman_tagged_HE,very high,10,0,HE
Дарья Ерастова,woman_tagged_HE,very high,10,0,HE
Варвара Нилова,woman_tagged_HE,very high,10,0,HE
Марина Родина,woman_tagged_HE,very high,10,0,HE
Ангелина Каблова,woman_tagged_HE,very high,10,0,HE
Ольга Айдакова,woman_tagged_HE,very high,10,0,HE
Ольга Шестопалова,woman_tagged_HE,very high,10,0,HE
Анна Лущик,woman_tagged_HE,high,10,0,HE
Наталья Кравченко,woman_tagged_HE,high,10,0,HE
Римма Ионтель,woman_tagged_HE,high,10,0,HE
Елизавета Штефан,woman_tagged_HE,high,10,0,HE
Анна Черкун,woman_tagged_HE,high,10,0,HE
Юлия Люлько,woman_tagged_HE,high,10,0,HE
Ирина Крискович,woman_tagged_HE,high,10,0,HE
Людмила Бабич,woman_tagged_HE,high,10,0,HE
Анастасия Мартыненко,woman_tagged_HE,high,10,0,HE
Анна Шмульян,woman_tagged_HE,high,10,0,HE
Мария Губарь,woman_tagged_HE,high,10,0,HE
Нина Гулевич,woman_tagged_HE,high,10,0,HE
Вениамина Дысина,woman_tagged_HE,medium,10,0,HE
Ирина Андропова,woman_tagged_HE,very high,9,0,HE
Елена Емельянова,woman_tagged_HE,very high,9,0,HE
Дарья Макушова,woman_tagged_HE,very high,9,0,HE
Оксана Верпатова,woman_tagged_HE,very high,9,0,HE
Арина Васильева,woman_tagged_HE,very high,9,0,HE
Наталия Бурнина,woman_tagged_HE,very high,9,0,HE
Евгения Раскина,woman_tagged_HE,very high,9,0,HE
Мария Баранчикова,woman_tagged_HE,very high,9,0,HE
Елизавета Кузнецова,woman_tagged_HE,very high,9,0,HE
Наталья Ермакова,woman_tagged_HE,very high,9,0,HE
Наталья Орлова,woman_tagged_HE,very high,9,0,HE
Татьяна Яковлева,woman_tagged_HE,very high,9,0,HE
Светлана Савинова,woman_tagged_HE,very high,9,0,HE
Анна Пущанская,woman_tagged_HE,very high,9,0,HE
Ольга Клушина,woman_tagged_HE,very high,9,0,HE
Ольга Малышкина,woman_tagged_HE,very high,9,0,HE
Сабина Печаткина,woman_tagged_HE,very high,9,0,HE
Галина Прибыткова,woman_tagged_HE,very high,9,0,HE
Наталья Островская,woman_tagged_HE,very high,9,0,HE
Елена Архангельская,woman_tagged_HE,very high,9,0,HE
Лилия Хузеева,woman_tagged_HE,very high,9,0,HE
Евгения Демьянцева,woman_tagged_HE,very high,9,0,HE
Ольга Александрова,woman_tagged_HE,very high,9,0,HE
Дарья Соловей,woman_tagged_HE,high,8,1,HE
Елена Ковальчук,woman_tagged_HE,high,9,0,HE
Ольга Симоненко,woman_tagged_HE,high,9,0,HE
Людмила Быстрая,woman_tagged_HE,high,9,0,HE
Людмила Околович,woman_tagged_HE,high,9,0,HE
Мария Лукьяненко,woman_tagged_HE,high,9,0,HE
Лидия Иличко,woman_tagged_HE,high,9,0,HE
Ольга Ярмош,woman_tagged_HE,high,9,0,HE
Мария Могильда,woman_tagged_HE,high,9,0,HE
Полина Тименчик,woman_tagged_HE,high,9,0,HE
Яна Петрушкевич,woman_tagged_HE,high,9,0,HE
Наталия Хараг,woman_tagged_HE,high,9,0,HE
Анна Свиженко,woman_tagged_HE,high,9,0,HE
Елена Приймак,woman_tagged_HE,high,9,0,HE
Анна Терещенко,woman_tagged_HE,high,9,0,HE
Наталия Кокозмладшая,woman_tagged_HE,high,9,0,HE
Елена Вит,woman_tagged_HE,high,9,0,HE
Александра Зайцева,woman_tagged_HE,medium,9,0,HE
Ольга Нечаева,woman_tagged_HE,very high,8,0,HE
Екатерина Батракова,woman_tagged_HE,very high,8,0,HE
Юлия Назина,woman_tagged_HE,very high,8,0,HE
Мария Чамаева,woman_tagged_HE,very high,8,0,HE
Татьяна Верясова,woman_tagged_HE,very high,8,0,HE
Анна Гнилицкая,woman_tagged_HE,very high,8,0,HE
Мария Кулагина,woman_tagged_HE,very high,8,0,HE
Елизавета Феофилова,woman_tagged_HE,very high,8,0,HE
Елена Жесткова,woman_tagged_HE,very high,8,0,HE
Анна Ефимова,woman_tagged_HE,very high,8,0,HE
Юлия Краевская,woman_tagged_HE,very high,8,0,HE
Марина Олемская,woman_tagged_HE,very high,8,0,HE
Вера Звягинцева,woman_tagged_HE,very high,8,0,HE
Алёна Лабинцева,woman_tagged_HE,very high,8,0,HE
Екатерина Афанасьева,woman_tagged_HE,very high,8,0,HE
Екатерина Соколова,woman_tagged_HE,very high,8,0,HE
Людмила Батуева,woman_tagged_HE,very high,8,0,HE
Елена Богомолова,woman_tagged_HE,very high,8,0,HE
Анна Куликова,woman_tagged_HE,very high,8,0,HE
Анастасия Тимофеева,woman_tagged_HE,very high,8,0,HE
Юлия Тявкина,woman_tagged_HE,very high,8,0,HE
Татьяна Великанова,woman_tagged_HE,very high,8,0,HE
Евгения Линцова,woman_tagged_HE,very high,8,0,HE
Дарья Филиппова,woman_tagged_HE,very high,8,0,HE
Виолетта Стрелкова,woman_tagged_HE,very high,8,0,HE
Ирина Соколова,woman_tagged_HE,very high,8,0,HE
Диана Хабибулина,woman_tagged_HE,very high,8,0,HE
Екатерина Бороздина,woman_tagged_HE,very high,8,0,HE
Майя Титова,woman_tagged_HE,very high,8,0,HE
Наталья Куненкова,woman_tagged_HE,very high,7,1,HE
Дина Кошмухамбетова,woman_tagged_HE,very high,8,0,HE
Зинаида Бондарь,woman_tagged_HE,high,8,0,HE
Марина Дунец,woman_tagged_HE,high,8,0,HE
Жанна Лысенко,woman_tagged_HE,high,8,0,HE
Маргарита Василашку,woman_tagged_HE,high,8,0,HE
Маргарита Бокштейн,woman_tagged_HE,high,8,0,HE
Юлия Ткаченко,woman_tagged_HE,high,8,0,HE
Нина Герцен,woman_tagged_HE,high,8,0,HE
Наталья Байрак,woman_tagged_HE,high,8,0,HE
Наталья Пушко,woman_tagged_HE,high,8,0,HE
Ольга Меланчук,woman_tagged_HE,high,8,0,HE
Екатерина Слива,woman_tagged_HE,high,8,0,HE
Наталия Лев,woman_tagged_HE,high,8,0,HE
Инна Фердман,woman_tagged_HE,high,8,0,HE
Ольга Соколик,woman_tagged_HE,high,8,0,HE
Виктория Моключенко,woman_tagged_HE,high,8,0,HE
Елена Ткаченко,woman_tagged_HE,high,8,0,HE
Мария Любчик,woman_tagged_HE,high,8,0,HE
Эля Волкова,woman_tagged_HE,medium,8,0,HE
Алеся Кузнецова,woman_tagged_HE,medium,8,0,HE
Екатерина Шевцова,woman_tagged_HE,very high,7,0,HE
Ольга Ширяева,woman_tagged_HE,very high,7,0,HE
Мария Палехова,woman_tagged_HE,very high,7,0,HE
Евгения Васильева,woman_tagged_HE,very high,7,0,HE
Наталья Кузьмина,woman_tagged_HE,very high,7,0,HE
Ольга Сергеева,woman_tagged_HE,very high,7,0,HE
Мария Колышкина,woman_tagged_HE,very high,7,0,HE
Ольга Константинова,woman_tagged_HE,very high,7,0,HE
Татьяна Тощакова,woman_tagged_HE,very high,7,0,HE
Нина Семушина,woman_tagged_HE,very high,7,0,HE
Наталья Новикова,woman_tagged_HE,very high,7,0,HE
Татьяна Рыбкина,woman_tagged_HE,very high,7,0,HE
Татьяна Денисова,woman_tagged_HE,very high,7,0,HE
Елизавета Малкова,woman_tagged_HE,very high,7,0,HE
Регина Субханкулова,woman_tagged_HE,very high,7,0,HE
Марина Шевцова,woman_tagged_HE,very high,7,0,HE
Татьяна Задорожняя,woman_tagged_HE,very high,7,0,HE
Алена Абдрахманова,woman_tagged_HE,very high,7,0,HE
Елена Сноведская,woman_tagged_HE,very high,7,0,HE
Анастасия Рекшинская,woman_tagged_HE,very high,7,0,HE
Юлия Маругина,woman_tagged_HE,very high,7,0,HE
Ирина Сиротина,woman_tagged_HE,very high,7,0,HE
Евгения Немчанинова,woman_tagged_HE,very high,7,0,HE
Алена Смирнова,woman_tagged_HE,very high,7,0,HE
Наталья Полутина,woman_tagged_HE,very high,7,0,HE
Елизавета Чепуркова,woman_tagged_HE,very high,7,0,HE
Элина Абдрашитова,woman_tagged_HE,very high,7,0,HE
Ксения Вечеринина,woman_tagged_HE,very high,7,0,HE
Наталья Костюкова,woman_tagged_HE,very high,7,0,HE
Алина Левтова,woman_tagged_HE,very high,7,0,HE
Анна Прохорова,woman_tagged_HE,very high,7,0,HE
Ирина Дворкина,woman_tagged_HE,very high,7,0,HE
Мария Колчинская,woman_tagged_HE,very high,7,0,HE
Анна Кулагина,woman_tagged_HE,very high,7,0,HE
Анна Маньшина,woman_tagged_HE,very high,7,0,HE
Марина Маньшина,woman_tagged_HE,very high,7,0,HE
Алёна Блинова,woman_tagged_HE,very high,7,0,HE
Марина Колкова,woman_tagged_HE,very high,7,0,HE
Надежда Орехова,woman_tagged_HE,very high,7,0,HE
Наталья Демидова,woman_tagged_HE,very high,7,0,HE
Виктория Ильина,woman_tagged_HE,very high,7,0,HE
Анастасия Светова,woman_tagged_HE,very high,6,1,HE
Ирина Низамова,woman_tagged_HE,very high,7,0,HE
Ольга Дзюба,woman_tagged_HE,high,7,0,HE
Полина Мелека,woman_tagged_HE,high,7,0,HE
Светлана Дяченко,woman_tagged_HE,high,7,0,HE
Юлия Слынько,woman_tagged_HE,high,7,0,HE
Наталья Церетели,woman_tagged_HE,high,7,0,HE
Людмила Подгорбунских,woman_tagged_HE,high,7,0,HE
Диана Керзум,woman_tagged_HE,high,7,0,HE
Алина Ли,woman_tagged_HE,high,7,0,HE
Виктория Боровик,woman_tagged_HE,high,7,0,HE
Дарья Колесник,woman_tagged_HE,high,7,0,HE
Ольга Тында,woman_tagged_HE,high,7,0,HE
Мария Буценец,woman_tagged_HE,high,7,0,HE
Александра Берлина,woman_tagged_HE,medium,7,0,HE
Александра Ермолина,woman_tagged_HE,medium,7,0,HE
Александра Бурчалова,woman_tagged_HE,medium,7,0,HE
Александра Тюкова,woman_tagged_HE,medium,7,0,HE
Лина Павлова,woman_tagged_HE,medium,7,0,HE
Элла Якушева,woman_tagged_HE,medium,7,0,HE
Елена Колезева,woman_tagged_HE,very high,6,0,HE
Алина Стрельцова,woman_tagged_HE,very high,6,0,HE
Юлия Бузычкина,woman_tagged_HE,very high,6,0,HE
Ольга Поволоцкая,woman_tagged_HE,very high,6,0,HE
Мария Орановская-Малецкая,woman_tagged_HE,very high,6,0,HE
Дарья Викторова,woman_tagged_HE,very high,6,0,HE
Юлия Москалёва,woman_tagged_HE,very high,6,0,HE
Лилия Савельева,woman_tagged_HE,very high,6,0,HE
Елизавета Наумова,woman_tagged_HE,very high,6,0,HE
Ирина Добрянская,woman_tagged_HE,very high,6,0,HE
Ирина Холодова,woman_tagged_HE,very high,6,0,HE
Ирина Алисова,woman_tagged_HE,very high,6,0,HE
Светлана Кузина,woman_tagged_HE,very high,6,0,HE
Мария Прокофьева,woman_tagged_HE,very high,6,0,HE
Наталья Масленникова,woman_tagged_HE,very high,6,0,HE
Дарья Амирханова,woman_tagged_HE,very high,6,0,HE
Елена Мурзаева,woman_tagged_HE,very high,6,0,HE
Оксана Образцова,woman_tagged_HE,very high,6,0,HE
Ирина Солдатова,woman_tagged_HE,very high,6,0,HE
Мария Курбанова,woman_tagged_HE,very high,6,0,HE
Элина Малярская,woman_tagged_HE,very high,6,0,HE
Ксения Кашкарова,woman_tagged_HE,very high,6,0,HE
Марина Каргина,woman_tagged_HE,very high,6,0,HE
Ирина Нургалеева,woman_tagged_HE,very high,6,0,HE
Валерия Бараева,woman_tagged_HE,very high,6,0,HE
Алина Селезнева,woman_tagged_HE,very high,6,0,HE
Наталья Иванова,woman_tagged_HE,very high,6,0,HE
Ксения Редунова,woman_tagged_HE,very high,6,0,HE
Анастасия Цепаева,woman_tagged_HE,very high,5,1,HE
Ольга Пыненкова,woman_tagged_HE,very high,6,0,HE
Анастасия Кокоева,woman_tagged_HE,very high,6,0,HE
Елена Аннова,woman_tagged_HE,very high,6,0,HE
Юлия Ледякова,woman_tagged_HE,very high,6,0,HE
Ольга Иоффина,woman_tagged_HE,very high,6,0,HE
Оксана Гнатковская,woman_tagged_HE,very high,6,0,HE
Надежда Кунилова,woman_tagged_HE,very high,6,0,HE
Юлия Погребская,woman_tagged_HE,very high,6,0,HE
Марина Бычкова,woman_tagged_HE,very high,6,0,HE
Наталья Шутова,woman_tagged_HE,very high,6,0,HE
Светлана Бродецкая,woman_tagged_HE,very high,6,0,HE
Татьяна Козлякова,woman_tagged_HE,very high,6,0,HE
Светлана Александрова,woman_tagged_HE,very high,6,0,HE
Татьяна Авсеева,woman_tagged_HE,very high,6,0,HE
Наташа Рябинина,woman_tagged_HE,very high,6,0,HE
Ольга Филатова,woman_tagged_HE,very high,6,0,HE
Марина Борисова,woman_tagged_HE,very high,6,0,HE
Полина Стрекалова,woman_tagged_HE,very high,6,0,HE
Мария Носова,woman_tagged_HE,very high,6,0,HE
Арина Дадалова,woman_tagged_HE,very high,5,1,HE
Ксения Кубекина,woman_tagged_HE,very high,5,1,HE
Валерия Буланова,woman_tagged_HE,very high,5,1,HE
Анна Лойцкер,woman_tagged_HE,high,6,0,HE
Валерия Хан,woman_tagged_HE,high,6,0,HE
Елена Гордынец,woman_tagged_HE,high,6,0,HE
Галина Синеокая,woman_tagged_HE,high,6,0,HE
Елена Бронза,woman_tagged_HE,high,6,0,HE
Анна Димитренко,woman_tagged_HE,high,6,0,HE
Анна Зайдель,woman_tagged_HE,high,6,0,HE
Инна Мельник,woman_tagged_HE,high,6,0,HE
Екатерина Пэк,woman_tagged_HE,high,6,0,HE
Елена Петренко,woman_tagged_HE,high,6,0,HE
Мария Рубинштейн,woman_tagged_HE,high,6,0,HE
Юлия Кацович,woman_tagged_HE,high,6,0,HE
Светлана Дзярик,woman_tagged_HE,high,6,0,HE
Евгения Вайнштейн,woman_tagged_HE,high,6,0,HE
Екатерина Карпенко,woman_tagged_HE,high,6,0,HE
Наталья Доценко,woman_tagged_HE,high,6,0,HE
Алина Капитанчук,woman_tagged_HE,high,6,0,HE
Вика Бунимович,woman_tagged_HE,high,6,0,HE
Ольга Шумейко,woman_tagged_HE,high,6,0,HE
Дарья Марченко,woman_tagged_HE,high,6,0,HE
Арсэна Атнагулова,woman_tagged_HE,medium,6,0,HE
Мара Могилевская,woman_tagged_HE,medium,6,0,HE
Александра Шестова,woman_tagged_HE,medium,6,0,HE
Александра Сухорукова,woman_tagged_HE,medium,6,0,HE
Алла Васильева,woman_tagged_HE,medium,6,0,HE
Ася Парфенова,woman_tagged_HE,medium,6,0,HE
Алла Каширская,woman_tagged_HE,medium,6,0,HE
Юлия Забавина,woman_tagged_HE,very high,5,0,HE
Антонина Гапонова,woman_tagged_HE,very high,5,0,HE
Ульяна Бабина,woman_tagged_HE,very high,5,0,HE
Ирина Овчинникова,woman_tagged_HE,very high,5,0,HE
Екатерина Руссова,woman_tagged_HE,very high,5,0,HE
Наталья Тарасова,woman_tagged_HE,very high,5,0,HE
Анна Копылова,woman_tagged_HE,very high,5,0,HE
Инна Кулакова,woman_tagged_HE,very high,5,0,HE
Ирина Морозовская,woman_tagged_HE,very high,5,0,HE
Наталья Сулагаева,woman_tagged_HE,very high,5,0,HE
Марина Россолова,woman_tagged_HE,very high,5,0,HE
Нина Скорятина,woman_tagged_HE,very high,5,0,HE
Мария Дробышева,woman_tagged_HE,very high,5,0,HE
Елена Королёва,woman_tagged_HE,very high,5,0,HE
Надежда Богданова,woman_tagged_HE,very high,5,0,HE
Ирина Ярославцева,woman_tagged_HE,very high,5,0,HE
Светлана Кутузова,woman_tagged_HE,very high,5,0,HE
Елена Медведева,woman_tagged_HE,very high,5,0,HE
Юлия Юдакова,woman_tagged_HE,very high,5,0,HE
Мария Снегерёва,woman_tagged_HE,very high,5,0,HE
Татьяна Иванова,woman_tagged_HE,very high,5,0,HE
Дина Шеметова,woman_tagged_HE,very high,5,0,HE
Анастасия Поскотинова,woman_tagged_HE,very high,5,0,HE
Екатерина Сальникова,woman_tagged_HE,very high,5,0,HE
Елена Леменёва,woman_tagged_HE,very high,5,0,HE
Анастасия Шилова,woman_tagged_HE,very high,5,0,HE
Ирина Андреева,woman_tagged_HE,very high,5,0,HE
Наталья Акопова,woman_tagged_HE,very high,5,0,HE
Ольга Нефёдова,woman_tagged_HE,very high,5,0,HE
Анна Дюбина,woman_tagged_HE,very high,5,0,HE
Ксения Егорова,woman_tagged_HE,very high,5,0,HE
Елена Васильева,woman_tagged_HE,very high,5,0,HE
Алина Иохвидова,woman_tagged_HE,very high,5,0,HE
Екатерина Горбунова,woman_tagged_HE,very high,5,0,HE
Елена Баева,woman_tagged_HE,very high,5,0,HE
Лидия Чекалова,woman_tagged_HE,very high,5,0,HE
Юлия Быстрова,woman_tagged_HE,very high,5,0,HE
Мария Грекова,woman_tagged_HE,very high,5,0,HE
Ирина Песчанская,woman_tagged_HE,very high,5,0,HE
Татьяна Лебедева,woman_tagged_HE,very high,5,0,HE
Анна Костерина,woman_tagged_HE,very high,5,0,HE
Алина Романцова,woman_tagged_HE,very high,5,0,HE
Ирина Говердовская,woman_tagged_HE,very high,5,0,HE
Вера Шиганова,woman_tagged_HE,very high,5,0,HE
Маргарита Коновалевская,woman_tagged_HE,very high,5,0,HE
Лидия Олевская,woman_tagged_HE,very high,5,0,HE
Юлия Колодяжная,woman_tagged_HE,very high,4,1,HE
Светлана Горьканова,woman_tagged_HE,very high,5,0,HE
Виктория Токарева,woman_tagged_HE,very high,5,0,HE
Дина Алеева,woman_tagged_HE,very high,5,0,HE
Екатерина Сержанина,woman_tagged_HE,very high,4,1,HE
Надежда Потрихалина,woman_tagged_HE,very high,5,0,HE
Екатерина Воробьёва,woman_tagged_HE,very high,5,0,HE
Виктория Рыжих,woman_tagged_HE,high,5,0,HE
Мария Топаж,woman_tagged_HE,high,5,0,HE
Влада Лукасик,woman_tagged_HE,high,5,0,HE
Анна Лунин,woman_tagged_HE,high,5,0,HE
Дарья Шапиро,woman_tagged_HE,high,5,0,HE
Ольга Берёзко,woman_tagged_HE,high,5,0,HE
Оксана Горелик,woman_tagged_HE,high,5,0,HE
Наталья Кожемяко,woman_tagged_HE,high,5,0,HE
Виктория Качур,woman_tagged_HE,high,5,0,HE
Евгения Пастернак,woman_tagged_HE,high,5,0,HE
Анна Вайнер,woman_tagged_HE,high,5,0,HE
Анастасия Шолом,woman_tagged_HE,high,5,0,HE
Раиса Меерсон,woman_tagged_HE,high,5,0,HE
Татьяна Зубенко,woman_tagged_HE,high,5,0,HE
Татьяна Овчаренко,woman_tagged_HE,high,5,0,HE
Анна Арутюнян,woman_tagged_HE,high,5,0,HE
Светлана Борок,woman_tagged_HE,high,5,0,HE
Анна Скоропад,woman_tagged_HE,high,5,0,HE
Татьяна Придченко,woman_tagged_HE,high,5,0,HE
Елена Лесных,woman_tagged_HE,high,5,0,HE
Инна Дехтярь,woman_tagged_HE,high,5,0,HE
Валерия Юрченко,woman_tagged_HE,high,5,0,HE
Регина Кацман,woman_tagged_HE,high,5,0,HE
Дарья Бельман,woman_tagged_HE,high,5,0,HE
Дарья Цыбенко,woman_tagged_HE,high,5,0,HE
Любовь Василец,woman_tagged_HE,high,5,0,HE
Ксения Петрученко,woman_tagged_HE,high,5,0,HE
Яна Сидоркович,woman_tagged_HE,high,5,0,HE
Надежда Шевченко,woman_tagged_HE,high,5,0,HE
Полина Кипкало,woman_tagged_HE,high,5,0,HE
Полина Гриб,woman_tagged_HE,high,4,1,HE
Татьяна Швец,woman_tagged_HE,high,4,1,HE
Богдана Романцова,woman_tagged_HE,medium,5,0,HE
Алла Болотова,woman_tagged_HE,medium,5,0,HE
Лолита Крылова,woman_tagged_HE,medium,5,0,HE
Алла Резанова,woman_tagged_HE,medium,5,0,HE
Валентина Крупинина,woman_tagged_HE,very high,4,0,HE
Ирина Шушкова,woman_tagged_HE,very high,4,0,HE
Ирина Казакова,woman_tagged_HE,very high,4,0,HE
Анастасия Фролова,woman_tagged_HE,very high,4,0,HE
Анастасия Федулина,woman_tagged_HE,very high,4,0,HE
Наталия Павлова,woman_tagged_HE,very high,4,0,HE
Татьяна Соломенникова,woman_tagged_HE,very high,4,0,HE
Кристина Шадрина,woman_tagged_HE,very high,4,0,HE
Лариса Куликова,woman_tagged_HE,very high,4,0,HE
Елизавета Хоботина,woman_tagged_HE,very high,4,0,HE
Анна Уставщикова,woman_tagged_HE,very high,4,0,HE
Елена Климова,woman_tagged_HE,very high,4,0,HE
Мария Самсонова,woman_tagged_HE,very high,4,0,HE
Надежда Болотина,woman_tagged_HE,very high,4,0,HE
Полина Трояновская,woman_tagged_HE,very high,4,0,HE
Вероника Полянская,woman_tagged_HE,very high,4,0,HE
Надя Славина,woman_tagged_HE,very high,4,0,HE
Ольга Матросова,woman_tagged_HE,very high,4,0,HE
Наталия Акопова,woman_tagged_HE,very high,4,0,HE
Елизавета Коновалова,woman_tagged_HE,very high,4,0,HE
Мария Смирнова,woman_tagged_HE,very high,4,0,HE
Марина Чекасская,woman_tagged_HE,very high,4,0,HE
Анна Константинова,woman_tagged_HE,very high,4,0,HE
Любовь Вахрушева,woman_tagged_HE,very high,4,0,HE
Екатерина Богачева,woman_tagged_HE,very high,4,0,HE
Ольга Кислицына,woman_tagged_HE,very high,4,0,HE
Светлана Чуракова,woman_tagged_HE,very high,4,0,HE
Анастасия Румянцева,woman_tagged_HE,very high,4,0,HE
Ольга Шипарёва,woman_tagged_HE,very high,4,0,HE
Полина Качанова,woman_tagged_HE,very high,4,0,HE
Анна Мурина,woman_tagged_HE,very high,4,0,HE
Ольга Демишева,woman_tagged_HE,very high,4,0,HE
Екатерина Двуреченская,woman_tagged_HE,very high,4,0,HE
Екатерина Селиванова,woman_tagged_HE,very high,4,0,HE
Татьяна Александрова,woman_tagged_HE,very high,4,0,HE
Юлия Мансурова,woman_tagged_HE,very high,4,0,HE
Любовь Назарова,woman_tagged_HE,very high,4,0,HE
Екатерина Лукина,woman_tagged_HE,very high,4,0,HE
Наталья Шиханова,woman_tagged_HE,very high,4,0,HE
Ирина Аксенова,woman_tagged_HE,very high,4,0,HE
Мария Кленницкая,woman_tagged_HE,very high,4,0,HE
Марина Крупкина,woman_tagged_HE,very high,4,0,HE
Алина Сафуанова,woman_tagged_HE,very high,4,0,HE
Екатерина Абрашина,woman_tagged_HE,very high,4,0,HE
Наталья Кожанова,woman_tagged_HE,very high,4,0,HE
Татьяна Ильина,woman_tagged_HE,very high,4,0,HE
Светлана Яковлева,woman_tagged_HE,very high,4,0,HE
Наталья Трегубова,woman_tagged_HE,very high,4,0,HE
Екатерина Мосякина,woman_tagged_HE,very high,4,0,HE
Елена Чухраёва,woman_tagged_HE,very high,4,0,HE
Лариса Окатьева,woman_tagged_HE,very high,4,0,HE
Анна Кутузова,woman_tagged_HE,very high,4,0,HE
Наталья Гневашева,woman_tagged_HE,very high,4,0,HE
Татьяна Дружинина,woman_tagged_HE,very high,4,0,HE
Наталья Елисеева,woman_tagged_HE,very high,4,0,HE
Марина Копылёва,woman_tagged_HE,very high,4,0,HE
Ольга Лагутина,woman_tagged_HE,very high,4,0,HE
Елена Солодкина,woman_tagged_HE,very high,4,0,HE
Светлана Зобнина,woman_tagged_HE,very high,4,0,HE
Татьяна Хазова,woman_tagged_HE,very high,4,0,HE
Вера Школьникова,woman_tagged_HE,very high,4,0,HE
Елена Горнакова,woman_tagged_HE,very high,4,0,HE
Нина Зиборова,woman_tagged_HE,very high,4,0,HE
Дина Сагадиева,woman_tagged_HE,very high,4,0,HE
Оксана Горбачева,woman_tagged_HE,very high,4,0,HE
Диана Газарова,woman_tagged_HE,very high,4,0,HE
Ирина Орлова,woman_tagged_HE,very high,4,0,HE
Юлия Матюшина,woman_tagged_HE,very high,4,0,HE
Татьяна Четверикова,woman_tagged_HE,very high,4,0,HE
Марина Ивонина,woman_tagged_HE,very high,4,0,HE
Наталья Макарова,woman_tagged_HE,very high,4,0,HE
Наталья Захарова,woman_tagged_HE,very high,4,0,HE
Ольга Лебедева,woman_tagged_HE,very high,4,0,HE
Ольга Кузьмина,woman_tagged_HE,very high,4,0,HE
Наталья Антонова,woman_tagged_HE,very high,4,0,HE
Ольга Белкова,woman_tagged_HE,very high,4,0,HE
Елена Гридчина,woman_tagged_HE,very high,4,0,HE
Наталья Колмогорова,woman_tagged_HE,very high,4,0,HE
Софья Александрова,woman_tagged_HE,very high,4,0,HE
Зоя Трусова,woman_tagged_HE,very high,4,0,HE
Мария Шатрова,woman_tagged_HE,very high,4,0,HE
Валерия Кудрявцева,woman_tagged_HE,very high,2,2,HE
Екатерина Щуплова,woman_tagged_HE,very high,4,0,HE
Ксения Драгунова,woman_tagged_HE,very high,4,0,HE
Светлана Бунакова,woman_tagged_HE,very high,4,0,HE
Эмилия Бахмисова,woman_tagged_HE,very high,4,0,HE
Евгения Массалова,woman_tagged_HE,very high,4,0,HE
Наталья Отрищенко,woman_tagged_HE,high,4,0,HE
Яна Самойлович,woman_tagged_HE,high,4,0,HE
Елена Борзенко,woman_tagged_HE,high,4,0,HE
Ольга Туренко,woman_tagged_HE,high,4,0,HE
Дарья Сокольчик,woman_tagged_HE,high,4,0,HE
Яна Баскин,woman_tagged_HE,high,4,0,HE
Мария Блинкина-Мельник,woman_tagged_HE,high,4,0,HE
Анна Штром,woman_tagged_HE,high,4,0,HE
Юлия Верхолаз,woman_tagged_HE,high,4,0,HE
Ольга Шацман,woman_tagged_HE,high,4,0,HE
Ольга Маргулис,woman_tagged_HE,high,4,0,HE
Марина Голод,woman_tagged_HE,high,4,0,HE
Галина Недвига,woman_tagged_HE,high,4,0,HE
Анна Бондаренко,woman_tagged_HE,high,4,0,HE
Лилия Усик,woman_tagged_HE,high,4,0,HE
Анна Каплун,woman_tagged_HE,high,4,0,HE
Олеся Терёшко,woman_tagged_HE,high,4,0,HE
Полина Шафран,woman_tagged_HE,high,4,0,HE
Наталья Коркишко,woman_tagged_HE,high,4,0,HE
Анна Атрощенко,woman_tagged_HE,high,4,0,HE
Инна Браневич,woman_tagged_HE,high,4,0,HE
Ирина Клочко,woman_tagged_HE,high,4,0,HE
Кристина Михальчишин,woman_tagged_HE,high,4,0,HE
Ксения Троян,woman_tagged_HE,high,4,0,HE
Елена Бакуменко,woman_tagged_HE,high,4,0,HE
Наталья Романенко,woman_tagged_HE,high,4,0,HE
Алена Шенгелия,woman_tagged_HE,high,4,0,HE
Наталья Айхингер,woman_tagged_HE,high,4,0,HE
Евгения Спектор,woman_tagged_HE,high,4,0,HE
Евгения Шаломеенко,woman_tagged_HE,high,4,0,HE
Ирина Рубайко,woman_tagged_HE,high,4,0,HE
Юлия Карасик,woman_tagged_HE,high,4,0,HE
Маргарита Экимян,woman_tagged_HE,high,4,0,HE
Диана Янук,woman_tagged_HE,high,3,1,HE
Наталья Гетьман,woman_tagged_HE,high,4,0,HE
Марина Финкельштейн,woman_tagged_HE,high,4,0,HE
Мария Мазур,woman_tagged_HE,high,4,0,HE
Анна Якушевич,woman_tagged_HE,high,4,0,HE
Марина Любчук,woman_tagged_HE,high,4,0,HE
Аделина Попова,woman_tagged_HE,medium,4,0,HE
Станислава Войцеховская,woman_tagged_HE,medium,4,0,HE
Кира Кондратьева,woman_tagged_HE,medium,4,0,HE
Александра Езерская,woman_tagged_HE,medium,4,0,HE
Алла Набатова,woman_tagged_HE,medium,4,0,HE
Станислава Андреева,woman_tagged_HE,medium,4,0,HE
Люба Мелихова,woman_tagged_HE,medium,4,0,HE
Марьяна Туганбаева,woman_tagged_HE,medium,4,0,HE
Алиса Колесова,woman_tagged_HE,medium,4,0,HE
Дарья Орлова,woman_tagged_HE,very high,3,0,HE
Анастасия Тарасова,woman_tagged_HE,very high,3,0,HE
Екатерина Васильева,woman_tagged_HE,very high,3,0,HE
Инна Биряева,woman_tagged_HE,very high,3,0,HE
Елена Ермакова,woman_tagged_HE,very high,3,0,HE
Виктория Бочкарёва,woman_tagged_HE,very high,3,0,HE
Татьяна Михеева,woman_tagged_HE,very high,3,0,HE
Ульяна Булавинцева,woman_tagged_HE,very high,3,0,HE
Светлана Хайцина,woman_tagged_HE,very high,3,0,HE
Татьяна Игнатова,woman_tagged_HE,very high,3,0,HE
Ника Холодова,woman_tagged_HE,very high,3,0,HE
Софья Никифорова,woman_tagged_HE,very high,3,0,HE
Марина Миронова,woman_tagged_HE,very high,3,0,HE
Елена Пальцева,woman_tagged_HE,very high,3,0,HE
Галина Кузьмина,woman_tagged_HE,very high,3,0,HE
Евгения Борунова,woman_tagged_HE,very high,3,0,HE
Елена Козлова,woman_tagged_HE,very high,3,0,HE
Дарья Кузнецова,woman_tagged_HE,very high,3,0,HE
Елена Пелегова,woman_tagged_HE,very high,3,0,HE
Мария Глухова,woman_tagged_HE,very high,3,0,HE
Юлия Гамзова,woman_tagged_HE,very high,3,0,HE
Екатерина Грибачёва,woman_tagged_HE,very high,3,0,HE
Ольга Иванова,woman_tagged_HE,very high,3,0,HE
Любовь Азимова,woman_tagged_HE,very high,3,0,HE
Валерия Мячина,woman_tagged_HE,very high,3,0,HE
Ольга Третьякова,woman_tagged_HE,very high,3,0,HE
Алена Кастальская,woman_tagged_HE,very high,3,0,HE
Ирина Бибина,woman_tagged_HE,very high,3,0,HE
Анна Тимофеева,woman_tagged_HE,very high,3,0,HE
Анна Арановская,woman_tagged_HE,very high,3,0,HE
Татьяна Конюхова,woman_tagged_HE,very high,3,0,HE
Анна Тархова,woman_tagged_HE,very high,3,0,HE
Инна Лисина,woman_tagged_HE,very high,3,0,HE
Ольга Дронова,woman_tagged_HE,very high,3,0,HE
Людмила Горохова,woman_tagged_HE,very high,3,0,HE
Анастасия Кривенкова,woman_tagged_HE,very high,3,0,HE
Марина Харитонова,woman_tagged_HE,very high,3,0,HE
Татьяна Федорова,woman_tagged_HE,very high,3,0,HE
Маргарита Фатина,woman_tagged_HE,very high,3,0,HE
Мария Ходунова,woman_tagged_HE,very high,3,0,HE
Анна Вахонина,woman_tagged_HE,very high,3,0,HE
Марина Садилова,woman_tagged_HE,very high,3,0,HE
Виктория Ильичёва,woman_tagged_HE,very high,3,0,HE
Екатерина Стародворская,woman_tagged_HE,very high,3,0,HE
Надежда Подвальная,woman_tagged_HE,very high,3,0,HE
Елизавета Дмитриева,woman_tagged_HE,very high,3,0,HE
Елена Наумшина,woman_tagged_HE,very high,3,0,HE
Ольга Бельшина,woman_tagged_HE,very high,3,0,HE
Анна Чирина,woman_tagged_HE,very high,3,0,HE
Елена Шмойлова,woman_tagged_HE,very high,3,0,HE
Юлия Суханова,woman_tagged_HE,very high,3,0,HE
Елена Конькова,woman_tagged_HE,very high,3,0,HE
Екатерина Куприянова,woman_tagged_HE,very high,3,0,HE
Валерия Якимова,woman_tagged_HE,very high,3,0,HE
Ксения Козлова,woman_tagged_HE,very high,3,0,HE
Светлана Новикова,woman_tagged_HE,very high,3,0,HE
Полина Прилукова,woman_tagged_HE,very high,3,0,HE
Екатерина Трофимова,woman_tagged_HE,very high,3,0,HE
Ксения Попова,woman_tagged_HE,very high,3,0,HE
Ксения Накладова,woman_tagged_HE,very high,3,0,HE
Марина Канарикова,woman_tagged_HE,very high,3,0,HE
Анна Дедкова,woman_tagged_HE,very high,3,0,HE
Анна Царёва,woman_tagged_HE,very high,3,0,HE
Наталья Балаева,woman_tagged_HE,very high,3,0,HE
Ксения Соколова,woman_tagged_HE,very high,3,0,HE
Марина Петрова,woman_tagged_HE,very high,3,0,HE
Галина Федулова,woman_tagged_HE,very high,3,0,HE
Анна Колоколова,woman_tagged_HE,very high,3,0,HE
Светлана Джансеркенова,woman_tagged_HE,very high,3,0,HE
Ольга Кочергина,woman_tagged_HE,very high,3,0,HE
Мария Чернова,woman_tagged_HE,very high,3,0,HE
Юлия Шестакова,woman_tagged_HE,very high,3,0,HE
Надежда Скипская,woman_tagged_HE,very high,3,0,HE
Анна Сергеева,woman_tagged_HE,very high,3,0,HE
Анна Климанская,woman_tagged_HE,very high,3,0,HE
Ирина Мачнева,woman_tagged_HE,very high,3,0,HE
Ксения Воробьёва,woman_tagged_HE,very high,3,0,HE
Алена Балюнова,woman_tagged_HE,very high,3,0,HE
Евгения Фирсова,woman_tagged_HE,very high,3,0,HE
Елена Ковалева,woman_tagged_HE,very high,3,0,HE
Диана Щетинина,woman_tagged_HE,very high,3,0,HE
Ольга Вергизова,woman_tagged_HE,very high,3,0,HE
Наталья Беренкова,woman_tagged_HE,very high,3,0,HE
Ксения Тупицына,woman_tagged_HE,very high,3,0,HE
Кристина Лукоянова,woman_tagged_HE,very high,3,0,HE
Ирина Прошина,woman_tagged_HE,very high,3,0,HE
Яна Шепетухина,woman_tagged_HE,very high,3,0,HE
Екатерина Любицкая,woman_tagged_HE,very high,3,0,HE
Юлия Буздалина,woman_tagged_HE,very high,3,0,HE
Елена Горшенина,woman_tagged_HE,very high,3,0,HE
Наталия Абрамова,woman_tagged_HE,very high,3,0,HE
Юлия Леонтьева,woman_tagged_HE,very high,3,0,HE
Екатерина Санина,woman_tagged_HE,very high,3,0,HE
Аня Каримова,woman_tagged_HE,very high,3,0,HE
Наталья Исаева,woman_tagged_HE,very high,3,0,HE
Елена Хрисанова,woman_tagged_HE,very high,3,0,HE
Мария Тихонова,woman_tagged_HE,very high,3,0,HE
Галина Речкина,woman_tagged_HE,very high,3,0,HE
Ольга Азарова,woman_tagged_HE,very high,3,0,HE
Алена Абрамова,woman_tagged_HE,very high,3,0,HE
Татьяна Веледницкая,woman_tagged_HE,very high,3,0,HE
Екатерина Пырина,woman_tagged_HE,very high,3,0,HE
Елена Сироткина,woman_tagged_HE,very high,3,0,HE
Елена Чепкасова,woman_tagged_HE,very high,3,0,HE
Ольга Ткачева,woman_tagged_HE,very high,3,0,HE
Екатерина Спирина,woman_tagged_HE,very high,3,0,HE
Алена Рымшина,woman_tagged_HE,very high,3,0,HE
Юлия Уманская,woman_tagged_HE,very high,3,0,HE
Людмила Аглиуллина,woman_tagged_HE,very high,3,0,HE
Анна Иванова,woman_tagged_HE,very high,3,0,HE
Екатерина Самойлова,woman_tagged_HE,very high,3,0,HE
Ольга Ратанова,woman_tagged_HE,very high,3,0,HE
Ольга Малахаева,woman_tagged_HE,very high,3,0,HE
Ольга Лапардина,woman_tagged_HE,very high,3,0,HE
Ольга Короткина,woman_tagged_HE,very high,3,0,HE
Ольга Ушакова,woman_tagged_HE,very high,3,0,HE
Анна Башенкова,woman_tagged_HE,very high,3,0,HE
Марина Гончарова,woman_tagged_HE,very high,3,0,HE
Татьяна Коновалова,woman_tagged_HE,very high,3,0,HE
Ирина Кулагина,woman_tagged_HE,very high,3,0,HE
Евгения Матвеева,woman_tagged_HE,very high,3,0,HE
Татьяна Антипова,woman_tagged_HE,very high,3,0,HE
Юлия Ильина,woman_tagged_HE,very high,3,0,HE
Светлана Смолоногова,woman_tagged_HE,very high,3,0,HE
Надежда Караваева,woman_tagged_HE,very high,3,0,HE
Мария Исупова,woman_tagged_HE,very high,2,1,HE
Мария Волкова,woman_tagged_HE,very high,3,0,HE
Евгения Листвина,woman_tagged_HE,very high,3,0,HE
Ольга Багина,woman_tagged_HE,very high,3,0,HE
Татьяна Калямина,woman_tagged_HE,very high,3,0,HE
Наталия Крупенина,woman_tagged_HE,very high,3,0,HE
Алёна Солнцева,woman_tagged_HE,very high,3,0,HE
Елена Вострикова,woman_tagged_HE,very high,3,0,HE
Лидия Чернякова,woman_tagged_HE,very high,3,0,HE
Светлана Стрельникова,woman_tagged_HE,very high,3,0,HE
Наталья Козлова,woman_tagged_HE,very high,3,0,HE
Вероника Рощина,woman_tagged_HE,very high,3,0,HE
Ольга Мальцева,woman_tagged_HE,very high,3,0,HE
Елизавета Суслова,woman_tagged_HE,very high,3,0,HE
Екатерина Целуковская,woman_tagged_HE,very high,3,0,HE
Людмила Тарасова,woman_tagged_HE,very high,3,0,HE
Мария Фарутина,woman_tagged_HE,very high,3,0,HE
Ольга Асташева,woman_tagged_HE,very high,3,0,HE
Дарья Никитенко,woman_tagged_HE,high,3,0,HE
Татьяна Шарапа,woman_tagged_HE,high,3,0,HE
Ольга Доленко,woman_tagged_HE,high,3,0,HE
Ирина Ватаманюк,woman_tagged_HE,high,3,0,HE
Юлия Бондаренко,woman_tagged_HE,high,3,0,HE
Мария Рябовол,woman_tagged_HE,high,3,0,HE
Ольга Беркович,woman_tagged_HE,high,3,0,HE
Татьяна Веремеенко,woman_tagged_HE,high,3,0,HE
Елена Веремеенко,woman_tagged_HE,high,3,0,HE
Екатерина Затирка,woman_tagged_HE,high,3,0,HE
Анастасия Абраменко,woman_tagged_HE,high,3,0,HE
Наталья Кулик,woman_tagged_HE,high,3,0,HE
Екатерина Куксёнок,woman_tagged_HE,high,3,0,HE
Елена Зусманович,woman_tagged_HE,high,3,0,HE
Мария Франц,woman_tagged_HE,high,3,0,HE
Мария Дещенко,woman_tagged_HE,high,3,0,HE
Алина Нестеренко,woman_tagged_HE,high,3,0,HE
Виктория Николенко,woman_tagged_HE,high,3,0,HE
Марина Рехтман,woman_tagged_HE,high,3,0,HE
Эмилия Хильц,woman_tagged_HE,high,3,0,HE
Ольга Таран,woman_tagged_HE,high,3,0,HE
Анастасия Дубелевич,woman_tagged_HE,high,3,0,HE
Дарья Степаньян,woman_tagged_HE,high,3,0,HE
Кристина Заляускайте,woman_tagged_HE,high,3,0,HE
Марина Башук,woman_tagged_HE,high,3,0,HE
Екатерина Хурри,woman_tagged_HE,high,3,0,HE
Карина Лютенко,woman_tagged_HE,high,3,0,HE
Анна Янгель,woman_tagged_HE,high,3,0,HE
Зоя Ерёменко,woman_tagged_HE,high,3,0,HE
Надежда Мелинти,woman_tagged_HE,high,3,0,HE
Надежда Контарь,woman_tagged_HE,high,3,0,HE
Ирина Тюшкевич,woman_tagged_HE,high,3,0,HE
Яна Янчик,woman_tagged_HE,high,3,0,HE
Анна Зарембо,woman_tagged_HE,high,3,0,HE
Евгения Фрид,woman_tagged_HE,high,3,0,HE
Марина Осадчук,woman_tagged_HE,high,3,0,HE
Ольга Матвиенко,woman_tagged_HE,high,3,0,HE
Мария Гузенко,woman_tagged_HE,high,3,0,HE
София Думлер,woman_tagged_HE,high,3,0,HE
Ирина Артюх,woman_tagged_HE,high,3,0,HE
Марина Крамаренко,woman_tagged_HE,high,3,0,HE
Екатерина Кулинкович,woman_tagged_HE,high,3,0,HE
Виктория Кухта,woman_tagged_HE,high,3,0,HE
Нина Бузагло,woman_tagged_HE,high,3,0,HE
Татьяна Бурлака,woman_tagged_HE,high,3,0,HE
Надежда Романий,woman_tagged_HE,high,3,0,HE
Евгения Гуз,woman_tagged_HE,high,3,0,HE
Мария Лапаревич,woman_tagged_HE,high,3,0,HE
Дина Альтерман,woman_tagged_HE,high,3,0,HE
Светлана Вайнбранд,woman_tagged_HE,high,3,0,HE
Марина Неймер,woman_tagged_HE,high,3,0,HE
Юлия Казмин,woman_tagged_HE,high,3,0,HE
Марина Наддак,woman_tagged_HE,high,3,0,HE
Ольга Шульга,woman_tagged_HE,high,3,0,HE
Виктория Шкуренко,woman_tagged_HE,high,3,0,HE
Марина Друзь,woman_tagged_HE,high,3,0,HE
Ольга Самусевич,woman_tagged_HE,high,3,0,HE
Екатерина Руденко,woman_tagged_HE,high,3,0,HE
Елена Мукомел,woman_tagged_HE,high,3,0,HE
Анна Блюмштейн,woman_tagged_HE,high,3,0,HE
Галина Лившиц,woman_tagged_HE,high,3,0,HE
Мария Пелячик,woman_tagged_HE,high,3,0,HE
Ольга Величко,woman_tagged_HE,high,3,0,HE
Елена Тейтельбаум,woman_tagged_HE,high,3,0,HE
Алина Пак,woman_tagged_HE,high,3,0,HE
Ирина Жданюк,woman_tagged_HE,high,3,0,HE
Ирина Климович,woman_tagged_HE,high,3,0,HE
Владлена Гритчина,woman_tagged_HE,medium,3,0,HE
Туяна Шаракшинова,woman_tagged_HE,medium,3,0,HE
Инга Замарина,woman_tagged_HE,medium,3,0,HE
Лия Танская,woman_tagged_HE,medium,3,0,HE
Даля Шабашова,woman_tagged_HE,medium,3,0,HE
Александра Егорова,woman_tagged_HE,medium,3,0,HE
Сарра Островская,woman_tagged_HE,medium,3,0,HE
Александра Голикова,woman_tagged_HE,medium,3,0,HE
Александра Панфёрова,woman_tagged_HE,medium,3,0,HE
Александра Дубичева,woman_tagged_HE,medium,3,0,HE
Гелена Козьмина,woman_tagged_HE,medium,3,0,HE
Изабелла Кулешова,woman_tagged_HE,medium,3,0,HE
Владлена Шкаева,woman_tagged_HE,medium,3,0,HE
Кира Миротина,woman_tagged_HE,medium,3,0,HE
Анжелика Ерёмина,woman_tagged_HE,medium,3,0,HE
Катерина Голубева,woman_tagged_HE,medium,3,0,HE
Анастасия Артамонова,woman_tagged_HE,very high,2,0,HE
Анастасия Карпова,woman_tagged_HE,very high,2,0,HE
Маргарита Кирюшина,woman_tagged_HE,very high,2,0,HE
Елена Макарова,woman_tagged_HE,very high,2,0,HE
Мария Агишева,woman_tagged_HE,very high,2,0,HE
Анна Воробьёва,woman_tagged_HE,very high,2,0,HE
Светлана Орнатская,woman_tagged_HE,very high,2,0,HE
Тамара Левандовская,woman_tagged_HE,very high,2,0,HE
Яна Сулятицкая,woman_tagged_HE,very high,2,0,HE
Юлия Литвинова,woman_tagged_HE,very high,2,0,HE
Мария Летюхина,woman_tagged_HE,very high,2,0,HE
Елена Леонтьева,woman_tagged_HE,very high,2,0,HE
Татьяна Стронгина,woman_tagged_HE,very high,2,0,HE
Галина Плахотная,woman_tagged_HE,very high,2,0,HE
Юлия Кожевникова,woman_tagged_HE,very high,2,0,HE
Мария Белякова,woman_tagged_HE,very high,2,0,HE
Мария Беляева,woman_tagged_HE,very high,2,0,HE
Марина Соловьёва,woman_tagged_HE,very high,2,0,HE
Анна Козлова,woman_tagged_HE,very high,2,0,HE
Анастасия Мухина,woman_tagged_HE,very high,2,0,HE
Елена Кибанова,woman_tagged_HE,very high,2,0,HE
Антонина Позднякова,woman_tagged_HE,very high,2,0,HE
Виктория Полякова,woman_tagged_HE,very high,2,0,HE
Ирина Табункова,woman_tagged_HE,very high,2,0,HE
Наталья Вольфовская,woman_tagged_HE,very high,2,0,HE
Анастасия Никулина,woman_tagged_HE,very high,2,0,HE
Наталья Лощинина,woman_tagged_HE,very high,2,0,HE
Татьяна Полтавская,woman_tagged_HE,very high,2,0,HE
Наталья Хромова,woman_tagged_HE,very high,2,0,HE
Светлана Анташова,woman_tagged_HE,very high,2,0,HE
Екатерина Соловьёва,woman_tagged_HE,very high,2,0,HE
Елена Наумова,woman_tagged_HE,very high,2,0,HE
Ольга Бутыгина,woman_tagged_HE,very high,2,0,HE
Ирина Шишкова,woman_tagged_HE,very high,2,0,HE
Полина Новосёлова,woman_tagged_HE,very high,2,0,HE
Татьяна Щербинина,woman_tagged_HE,very high,2,0,HE
Надежда Селиванова,woman_tagged_HE,very high,2,0,HE
Регина Шемаева,woman_tagged_HE,very high,2,0,HE
Юлия Азимова,woman_tagged_HE,very high,2,0,HE
Анастасия Суханова,woman_tagged_HE,very high,2,0,HE
Марина Калпашникова,woman_tagged_HE,very high,2,0,HE
Елена Лаушкина,woman_tagged_HE,very high,2,0,HE
Инна Сурина,woman_tagged_HE,very high,2,0,HE
Татьяна Хоршунова,woman_tagged_HE,very high,2,0,HE
Анна Чистилина,woman_tagged_HE,very high,2,0,HE
Екатерина Лапковская,woman_tagged_HE,very high,2,0,HE
Эмилия Халилова,woman_tagged_HE,very high,2,0,HE
Анна Бахарева,woman_tagged_HE,very high,2,0,HE
Юлия Сычёва,woman_tagged_HE,very high,2,0,HE
Мария Колесникова,woman_tagged_HE,very high,2,0,HE
Альбина Манюрова,woman_tagged_HE,very high,2,0,HE
Юлия Васильева,woman_tagged_HE,very high,2,0,HE
Анна Сазонова,woman_tagged_HE,very high,2,0,HE
Анастасия Поройкова,woman_tagged_HE,very high,2,0,HE
Анна Плюснина,woman_tagged_HE,very high,2,0,HE
Елена Гонина,woman_tagged_HE,very high,2,0,HE
Екатерина Троицкая,woman_tagged_HE,very high,2,0,HE
Ольга Касарина,woman_tagged_HE,very high,2,0,HE
Алёна Суворова,woman_tagged_HE,very high,2,0,HE
Алина Ялдина,woman_tagged_HE,very high,2,0,HE
Ольга Звягинцева,woman_tagged_HE,very high,2,0,HE
Алина Малиновская,woman_tagged_HE,very high,2,0,HE
Анна Савинова,woman_tagged_HE,very high,2,0,HE
Анна Семёнова,woman_tagged_HE,very high,2,0,HE
Ольга Давыдова,woman_tagged_HE,very high,2,0,HE
Марина Петровская,woman_tagged_HE,very high,2,0,HE
Анастасия Медведева,woman_tagged_HE,very high,2,0,HE
Анастасия Кукорина,woman_tagged_HE,very high,2,0,HE
Ирина Ельмеева,woman_tagged_HE,very high,2,0,HE
Татьяна Чечекина,woman_tagged_HE,very high,2,0,HE
Татьяна Шупова,woman_tagged_HE,very high,2,0,HE
Елена Белякова,woman_tagged_HE,very high,2,0,HE
Анастасия Шахназарова,woman_tagged_HE,very high,2,0,HE
Наталья Касарина,woman_tagged_HE,very high,2,0,HE
Алёна Медведева,woman_tagged_HE,very high,2,0,HE
Дарья Эзерина,woman_tagged_HE,very high,2,0,HE
Юлия Яковлева,woman_tagged_HE,very high,2,0,HE
Татьяна Моисеева,woman_tagged_HE,very high,2,0,HE
Яна Царёва,woman_tagged_HE,very high,2,0,HE
Ирина Костицына,woman_tagged_HE,very high,2,0,HE
Дарья Смирнова,woman_tagged_HE,very high,2,0,HE
Юлия Савиковская,woman_tagged_HE,very high,2,0,HE
Елена Скородумова,woman_tagged_HE,very high,2,0,HE
Татьяна Павлухина,woman_tagged_HE,very high,2,0,HE
Юлия Гордеева,woman_tagged_HE,very high,2,0,HE
Ольга Морозова,woman_tagged_HE,very high,2,0,HE
Мария Баландина,woman_tagged_HE,very high,2,0,HE
Анастасия Кузнецова,woman_tagged_HE,very high,2,0,HE
Алина Серёгина,woman_tagged_HE,very high,2,0,HE
Евгения Шестова,woman_tagged_HE,very high,2,0,HE
Екатерина Щеникова,woman_tagged_HE,very high,2,0,HE
Мария Бойнова,woman_tagged_HE,very high,2,0,HE
Светлана Козловская,woman_tagged_HE,very high,2,0,HE
Наталья Беляева,woman_tagged_HE,very high,2,0,HE
Анастасия Воронцова,woman_tagged_HE,very high,2,0,HE
Ольга Новокрещенова,woman_tagged_HE,very high,2,0,HE
Мария Трошкова,woman_tagged_HE,very high,2,0,HE
Виктория Кононова,woman_tagged_HE,very high,2,0,HE
Ульяна Белькова,woman_tagged_HE,very high,2,0,HE
Татьяна Воронцова,woman_tagged_HE,very high,2,0,HE
Анастасия Коровицына,woman_tagged_HE,very high,2,0,HE
Анна Дмитрова,woman_tagged_HE,very high,2,0,HE
Мария Прокопцова,woman_tagged_HE,very high,2,0,HE
Кристина Бражникова,woman_tagged_HE,very high,2,0,HE
Юлия Соколова,woman_tagged_HE,very high,2,0,HE
Мария Жалова,woman_tagged_HE,very high,2,0,HE
Екатерина Гузеева,woman_tagged_HE,very high,2,0,HE
Анна Рубцова,woman_tagged_HE,very high,2,0,HE
Анна Панина,woman_tagged_HE,very high,2,0,HE
Елизавета Пономарева,woman_tagged_HE,very high,2,0,HE
Таня Леденева,woman_tagged_HE,very high,2,0,HE
Татьяна Пынёнкова,woman_tagged_HE,very high,2,0,HE
Ольга Чигиринская,woman_tagged_HE,very high,2,0,HE
Валерия Горбачева,woman_tagged_HE,very high,2,0,HE
Елена Плякина,woman_tagged_HE,very high,2,0,HE
Ирина Самошкина,woman_tagged_HE,very high,2,0,HE
Вера Артамонова,woman_tagged_HE,very high,2,0,HE
Ольга Павловская,woman_tagged_HE,very high,2,0,HE
Татьяна Трифонова,woman_tagged_HE,very high,2,0,HE
Анна Кожевникова,woman_tagged_HE,very high,2,0,HE
Наталья Божанова,woman_tagged_HE,very high,2,0,HE
Мария Дедова,woman_tagged_HE,very high,2,0,HE
Елена Сорокина,woman_tagged_HE,very high,2,0,HE
Елена Белостоцкая,woman_tagged_HE,very high,2,0,HE
Виктория Синицкая,woman_tagged_HE,very high,2,0,HE
Ксения Тарасова,woman_tagged_HE,very high,2,0,HE
Мария Коблова,woman_tagged_HE,very high,2,0,HE
Марина Никольская,woman_tagged_HE,very high,2,0,HE
Анастасия Придорогина,woman_tagged_HE,very high,2,0,HE
Марина Бугаёва,woman_tagged_HE,very high,2,0,HE
Элина Марковская,woman_tagged_HE,very high,2,0,HE
Маргарита Байчорова,woman_tagged_HE,very high,2,0,HE
Надежда Третьякова,woman_tagged_HE,very high,2,0,HE
Анастасия Щепилова,woman_tagged_HE,very high,2,0,HE
Екатерина Пенькова,woman_tagged_HE,very high,2,0,HE
Татьяна Сергеева,woman_tagged_HE,very high,2,0,HE
Валерия Баранова,woman_tagged_HE,very high,2,0,HE
Антонина Кононова,woman_tagged_HE,very high,2,0,HE
Лариса Панина,woman_tagged_HE,very high,2,0,HE
Ксения Булычёва,woman_tagged_HE,very high,2,0,HE
Татьяна Лапшина,woman_tagged_HE,very high,2,0,HE
Ирина Шалагина,woman_tagged_HE,very high,2,0,HE
Ирина Кабанова,woman_tagged_HE,very high,2,0,HE
Татьяна Самсонова,woman_tagged_HE,very high,2,0,HE
Наталья Абрамова,woman_tagged_HE,very high,2,0,HE
Юля Архангельская,woman_tagged_HE,very high,2,0,HE
Галина Туйцына,woman_tagged_HE,very high,2,0,HE
Нина Кузнецова,woman_tagged_HE,very high,2,0,HE
Анастасия Фомичёва,woman_tagged_HE,very high,2,0,HE
Екатерина Федорова,woman_tagged_HE,very high,2,0,HE
Надя Никифорова,woman_tagged_HE,very high,2,0,HE
Елизавета Болотова,woman_tagged_HE,very high,2,0,HE
Ольга Оборина,woman_tagged_HE,very high,2,0,HE
Ирина Черкасова,woman_tagged_HE,very high,2,0,HE
Наталья Пухначёва,woman_tagged_HE,very high,2,0,HE
Анна Баскакова,woman_tagged_HE,very high,2,0,HE
Маша Мурашковская,woman_tagged_HE,very high,2,0,HE
Вероника Лежнёва,woman_tagged_HE,very high,2,0,HE
Наталья Давыдова,woman_tagged_HE,very high,2,0,HE
Татьяна Юдина,woman_tagged_HE,very high,2,0,HE
Алина Кудряшева,woman_tagged_HE,very high,2,0,HE
Светлана Швынденкова,woman_tagged_HE,very high,2,0,HE
Ольга Крапивина,woman_tagged_HE,very high,2,0,HE
Елизавета Попова,woman_tagged_HE,very high,2,0,HE
Екатерина Ананьева,woman_tagged_HE,very high,2,0,HE
Лариса Генина,woman_tagged_HE,very high,2,0,HE
Нина Борисова,woman_tagged_HE,very high,2,0,HE
Галина Баранова,woman_tagged_HE,very high,2,0,HE
Дарья Лелекова,woman_tagged_HE,very high,2,0,HE
Юлия Полканова,woman_tagged_HE,very high,2,0,HE
Ольга Немерова,woman_tagged_HE,very high,2,0,HE
Ирина Сажнёва,woman_tagged_HE,very high,2,0,HE
Надежда Асуева,woman_tagged_HE,very high,2,0,HE
Светлана Жаркова,woman_tagged_HE,very high,2,0,HE
Анастасия Дорофеева,woman_tagged_HE,very high,2,0,HE
Ольга Сомкова,woman_tagged_HE,very high,2,0,HE
Наталья Молодякова,woman_tagged_HE,very high,2,0,HE
Светлана Полянина,woman_tagged_HE,very high,2,0,HE
Наталья Соловьева,woman_tagged_HE,very high,2,0,HE
Ирина Любимова,woman_tagged_HE,very high,2,0,HE
Лариса Левина,woman_tagged_HE,very high,2,0,HE
Лариса Устинова,woman_tagged_HE,very high,2,0,HE
Инна Уракчеева,woman_tagged_HE,very high,2,0,HE
Ольга Серова,woman_tagged_HE,very high,2,0,HE
Наталья Довольнова,woman_tagged_HE,very high,2,0,HE
Елена Будникова,woman_tagged_HE,very high,2,0,HE
Ольга Суглобова,woman_tagged_HE,very high,2,0,HE
Софья Скалдина,woman_tagged_HE,very high,2,0,HE
Маргарита Карамнова,woman_tagged_HE,very high,2,0,HE
Светлана Артемьева,woman_tagged_HE,very high,2,0,HE
Юлия Лазарева,woman_tagged_HE,very high,2,0,HE
Анна Селиманкина,woman_tagged_HE,very high,2,0,HE
Анастасия Антоновская,woman_tagged_HE,very high,2,0,HE
Марина Фомина,woman_tagged_HE,very high,2,0,HE
Арина Жмурова,woman_tagged_HE,very high,2,0,HE
Евгения Пятова,woman_tagged_HE,very high,2,0,HE
Анастасия Ширшова,woman_tagged_HE,very high,2,0,HE
Олеся Шаблова,woman_tagged_HE,very high,2,0,HE
Наталья Гетманская,woman_tagged_HE,very high,2,0,HE
Евгения Козырчикова,woman_tagged_HE,very high,2,0,HE
Екатерина Лебедева,woman_tagged_HE,very high,2,0,HE
Евгения Бутенина,woman_tagged_HE,very high,2,0,HE
Динара Зиладинова,woman_tagged_HE,very high,2,0,HE
Елена Мельникова,woman_tagged_HE,very high,2,0,HE
Галина Косарикова,woman_tagged_HE,very high,2,0,HE
Ирина Лукьянова,woman_tagged_HE,very high,2,0,HE
Юлия Юлина,woman_tagged_HE,very high,2,0,HE
Юлия Качаева,woman_tagged_HE,very high,2,0,HE
Юлия Лукьянова,woman_tagged_HE,very high,2,0,HE
Анастасия Бояркина,woman_tagged_HE,very high,2,0,HE
Анна Цымбалова,woman_tagged_HE,very high,2,0,HE
Ярослава Кузьменкова,woman_tagged_HE,very high,2,0,HE
Татьяна Шведова,woman_tagged_HE,very high,2,0,HE
Анна Попова,woman_tagged_HE,very high,2,0,HE
Наталья Шабанова,woman_tagged_HE,very high,2,0,HE
Татьяна Токарева,woman_tagged_HE,very high,2,0,HE
Анна Чубарова,woman_tagged_HE,very high,2,0,HE
Марина Дёмина,woman_tagged_HE,very high,2,0,HE
Мария Степанова,woman_tagged_HE,very high,2,0,HE
Евгения Агеева,woman_tagged_HE,very high,2,0,HE
Алина Колесникова,woman_tagged_HE,very high,2,0,HE
Анна Хасина,woman_tagged_HE,very high,2,0,HE
Дина Махнина,woman_tagged_HE,very high,2,0,HE
Анастасия Щукина,woman_tagged_HE,very high,2,0,HE
Дарья Абросимова,woman_tagged_HE,very high,2,0,HE
Эмилия Козловская,woman_tagged_HE,very high,2,0,HE
Мария Ивановская,woman_tagged_HE,very high,2,0,HE
Яна Пожарицкая,woman_tagged_HE,very high,2,0,HE
Татьяна Хадыева,woman_tagged_HE,very high,2,0,HE
Елена Батова,woman_tagged_HE,very high,2,0,HE
Анастасия Подколзина,woman_tagged_HE,very high,2,0,HE
Анна Крайникова,woman_tagged_HE,very high,2,0,HE
Ирина Либова,woman_tagged_HE,very high,2,0,HE
Юлия Перельман,woman_tagged_HE,high,2,0,HE
Татьяна Кобец,woman_tagged_HE,high,2,0,HE
Екатерина Вареца,woman_tagged_HE,high,2,0,HE
Анастасия Радчук,woman_tagged_HE,high,2,0,HE
Наталья Белинская-Дубчак,woman_tagged_HE,high,2,0,HE
Анастасия Верескун,woman_tagged_HE,high,2,0,HE
Оксана Бандура,woman_tagged_HE,high,2,0,HE
Мария Симончик,woman_tagged_HE,high,2,0,HE
Галина Петрук,woman_tagged_HE,high,2,0,HE
Юлия Зильберштейн,woman_tagged_HE,high,2,0,HE
Людмила Гречаник,woman_tagged_HE,high,2,0,HE
Марина Петрашко,woman_tagged_HE,high,2,0,HE
Юлия Шлезингер,woman_tagged_HE,high,2,0,HE
Ольга Мазурок,woman_tagged_HE,high,2,0,HE
Ольга Фриауф,woman_tagged_HE,high,2,0,HE
Надежда Герасименко,woman_tagged_HE,high,2,0,HE
Марина Овчаренко,woman_tagged_HE,high,2,0,HE
Марина Мищенко,woman_tagged_HE,high,2,0,HE
Аня Бурла,woman_tagged_HE,high,2,0,HE
Марина Бойко,woman_tagged_HE,high,2,0,HE
Наталья Тихая,woman_tagged_HE,high,2,0,HE
Алена Кротюк,woman_tagged_HE,high,2,0,HE
Анна Паруль,woman_tagged_HE,high,2,0,HE
Алина Казакевич,woman_tagged_HE,high,2,0,HE
Татьяна Павлюченко,woman_tagged_HE,high,2,0,HE
Марина Погребнюк,woman_tagged_HE,high,2,0,HE
Юлия Лобода,woman_tagged_HE,high,2,0,HE
Анна Вайсертрейгер,woman_tagged_HE,high,2,0,HE
Светлана Осипчук,woman_tagged_HE,high,2,0,HE
Наталия Котович,woman_tagged_HE,high,2,0,HE
Варвара Гарнюк,woman_tagged_HE,high,2,0,HE
Мария Сакович,woman_tagged_HE,high,2,0,HE
Екатерина Овчаренко,woman_tagged_HE,high,2,0,HE
Евгения Гросу,woman_tagged_HE,high,2,0,HE
Оксана Кавун,woman_tagged_HE,high,2,0,HE
Марина Куценко,woman_tagged_HE,high,2,0,HE
Ольга Матухно,woman_tagged_HE,high,2,0,HE
Ксения Чуб,woman_tagged_HE,high,2,0,HE
Елена Емельяненко,woman_tagged_HE,high,2,0,HE
Наталья Мойсик,woman_tagged_HE,high,2,0,HE
Диана Швайгер,woman_tagged_HE,high,2,0,HE
Татьяна Марченко,woman_tagged_HE,high,2,0,HE
Яна Петыш,woman_tagged_HE,high,2,0,HE
Анна Мироненко,woman_tagged_HE,high,2,0,HE
Надежда Телюк,woman_tagged_HE,high,2,0,HE
Лилия Беличенко,woman_tagged_HE,high,2,0,HE
Лилия Кожемяченко,woman_tagged_HE,high,2,0,HE
Анастасия Вельгус,woman_tagged_HE,high,2,0,HE
Виктория Пилипчук,woman_tagged_HE,high,2,0,HE
Алена Соковых,woman_tagged_HE,high,2,0,HE
Ирина Батрак,woman_tagged_HE,high,2,0,HE
Мария Галушко,woman_tagged_HE,high,2,0,HE
Людмила Файнберг,woman_tagged_HE,high,2,0,HE
Стелла Галустян,woman_tagged_HE,high,2,0,HE
Диана Пинчук,woman_tagged_HE,high,2,0,HE
Наталья Клименко,woman_tagged_HE,high,2,0,HE
Диана Калач,woman_tagged_HE,high,2,0,HE
Майя Гольц,woman_tagged_HE,high,2,0,HE
Галина Лешкевич,woman_tagged_HE,high,2,0,HE
Светлана Бомешко,woman_tagged_HE,high,2,0,HE
Катя Юнгер,woman_tagged_HE,high,2,0,HE
Алена Коновальчик,woman_tagged_HE,high,2,0,HE
Ольга Иоффе,woman_tagged_HE,high,2,0,HE
Мария Тимошенко,woman_tagged_HE,high,2,0,HE
Марина Геращенко,woman_tagged_HE,high,2,0,HE
Елена Сърбинска,woman_tagged_HE,high,2,0,HE
Ирина Вайсертрейгер,woman_tagged_HE,high,2,0,HE
Кристина Десятник,woman_tagged_HE,high,2,0,HE
Мария Чалык,woman_tagged_HE,high,2,0,HE
Юлия Халупович,woman_tagged_HE,high,2,0,HE
Анна Деревянко,woman_tagged_HE,high,2,0,HE
Лариса Василенко,woman_tagged_HE,high,2,0,HE
Елена Пивень,woman_tagged_HE,high,2,0,HE
Антонина Самойленко,woman_tagged_HE,high,2,0,HE
Ирина Ковалевич,woman_tagged_HE,high,2,0,HE
Татьяна Грукаленко,woman_tagged_HE,high,2,0,HE
Анна Заяц,woman_tagged_HE,high,2,0,HE
Олеся Левкович,woman_tagged_HE,high,2,0,HE
Светлана Мартыненко,woman_tagged_HE,high,2,0,HE
Наталия Титович,woman_tagged_HE,high,2,0,HE
Евгения Гельман,woman_tagged_HE,high,2,0,HE
Елена Алексеенко,woman_tagged_HE,high,2,0,HE
Надежда Денисенко,woman_tagged_HE,high,2,0,HE
Ольга Лернер,woman_tagged_HE,high,2,0,HE
Вика Спивак,woman_tagged_HE,high,2,0,HE
Анна Леман,woman_tagged_HE,high,2,0,HE
Оксана Бражник,woman_tagged_HE,high,2,0,HE
Мария Шт,woman_tagged_HE,high,2,0,HE
Динара Шилович,woman_tagged_HE,high,2,0,HE
Алина Жарко,woman_tagged_HE,high,2,0,HE
Марина Нерсесян,woman_tagged_HE,high,2,0,HE
Наталия Потипко,woman_tagged_HE,high,2,0,HE
Ксения Малик,woman_tagged_HE,high,2,0,HE
Юлия Комлач,woman_tagged_HE,high,2,0,HE
Татьяна Мартесюк,woman_tagged_HE,high,2,0,HE
Юлия Берзой,woman_tagged_HE,high,2,0,HE
Анна Гиренко,woman_tagged_HE,high,2,0,HE
Елена Николайчук,woman_tagged_HE,high,2,0,HE
Анна Таран,woman_tagged_HE,high,2,0,HE
Виктория Слинявчук,woman_tagged_HE,high,2,0,HE
Мария Игнатенко,woman_tagged_HE,high,2,0,HE
Анастасия Захарик,woman_tagged_HE,high,2,0,HE
Людмила Вертий,woman_tagged_HE,high,2,0,HE
Светлана Гринберг,woman_tagged_HE,high,2,0,HE
Евгения Найберг,woman_tagged_HE,high,2,0,HE
Диана Дубатовка,woman_tagged_HE,high,2,0,HE
Екатерина Таберко,woman_tagged_HE,high,2,0,HE
Ольга Вельгас,woman_tagged_HE,high,2,0,HE
Татьяна Полозюк,woman_tagged_HE,high,2,0,HE
Светлана Божик,woman_tagged_HE,high,2,0,HE
Елизавета Гогилашвили,woman_tagged_HE,high,2,0,HE
Зарема Макаева,woman_tagged_HE,medium,2,0,HE
Александра Милякина,woman_tagged_HE,medium,2,0,HE
Венера Мякишева,woman_tagged_HE,medium,2,0,HE
Рената Дерябина,woman_tagged_HE,medium,2,0,HE
Алла Кузнецова,woman_tagged_HE,medium,2,0,HE
Градислава Юшманова,woman_tagged_HE,medium,2,0,HE
Алла Илюшина,woman_tagged_HE,medium,2,0,HE
Александра Костинская,woman_tagged_HE,medium,2,0,HE
Алиса Поршнева,woman_tagged_HE,medium,2,0,HE
Алевтина Некипелова,woman_tagged_HE,medium,2,0,HE
Христина Восканова,woman_tagged_HE,medium,2,0,HE
Эльвина Худайдатова,woman_tagged_HE,medium,2,0,HE
Анфиса Бударина,woman_tagged_HE,medium,2,0,HE
Надия Шафигуллина,woman_tagged_HE,medium,2,0,HE
Зульфия Бурганова,woman_tagged_HE,medium,2,0,HE
Катерина Большакова,woman_tagged_HE,medium,2,0,HE
Вольфа Нахшина,woman_tagged_HE,medium,2,0,HE
Алла Слепакова,woman_tagged_HE,medium,2,0,HE
Инесса Дашевская,woman_tagged_HE,medium,2,0,HE
Инара Велиюлина,woman_tagged_HE,medium,2,0,HE
Ася Волошина,woman_tagged_HE,medium,2,0,HE
Александра Удальцова,woman_tagged_HE,medium,2,0,HE
Катерина Рыжова,woman_tagged_HE,medium,2,0,HE
Алеся Заботина,woman_tagged_HE,medium,2,0,HE
Марьяна Пискунова,woman_tagged_HE,medium,2,0,HE
Резеда Зарипова,woman_tagged_HE,medium,2,0,HE
Айдана Касымова,woman_tagged_HE,medium,2,0,HE
Лина Маркова,woman_tagged_HE,medium,2,0,HE
Лина Щербакова,woman_tagged_HE,medium,2,0,HE
Мотя Ашихмина,woman_tagged_HE,medium,2,0,HE
Эвелина Севрукова,woman_tagged_HE,medium,2,0,HE
Елена Шерстобитова,woman_tagged_HE,very high,1,0,HE
Евгения Темнова,woman_tagged_HE,very high,1,0,HE
Юлия Волобуева,woman_tagged_HE,very high,1,0,HE
Анна Щетина,woman_tagged_HE,very high,1,0,HE
Юлия Кушинова,woman_tagged_HE,very high,1,0,HE
Анна Никодимова,woman_tagged_HE,very high,1,0,HE
Юлия Липатова,woman_tagged_HE,very high,1,0,HE
Полина Суханова,woman_tagged_HE,very high,1,0,HE
Екатерина Тартаковская,woman_tagged_HE,very high,1,0,HE
Вера Русакова,woman_tagged_HE,very high,1,0,HE
Елена Воробьёва,woman_tagged_HE,very high,1,0,HE
Полина Наследскова,woman_tagged_HE,very high,1,0,HE
Мария Аристова,woman_tagged_HE,very high,1,0,HE
Анастасия Князева,woman_tagged_HE,very high,1,0,HE
Мария Рыскина,woman_tagged_HE,very high,1,0,HE
Ксения Зыкова,woman_tagged_HE,very high,1,0,HE
Анна Сычёва,woman_tagged_HE,very high,1,0,HE
Дарья Перфилова,woman_tagged_HE,very high,1,0,HE
Мария Савельева,woman_tagged_HE,very high,1,0,HE
Виктория Каниськина,woman_tagged_HE,very high,1,0,HE
Мария Сайфуллина,woman_tagged_HE,very high,1,0,HE
Алена Свиридова,woman_tagged_HE,very high,1,0,HE
Татьяна Киселёва,woman_tagged_HE,very high,1,0,HE
Юлия Гаранина,woman_tagged_HE,very high,1,0,HE
Анастасия Додонова,woman_tagged_HE,very high,1,0,HE
Полина Русакова,woman_tagged_HE,very high,1,0,HE
Ольга Ковалёва,woman_tagged_HE,very high,1,0,HE
Евгения Дашкина,woman_tagged_HE,very high,1,0,HE
Анна Юдаева,woman_tagged_HE,very high,1,0,HE
Анастасия Белозёрова,woman_tagged_HE,very high,1,0,HE
Елизавета Баранова,woman_tagged_HE,very high,1,0,HE
Наталья Пунова,woman_tagged_HE,very high,1,0,HE
Елена Петухова,woman_tagged_HE,very high,1,0,HE
Надежда Анциферова,woman_tagged_HE,very high,1,0,HE
Мария Корчёмкина,woman_tagged_HE,very high,1,0,HE
Юлия Малькова,woman_tagged_HE,very high,1,0,HE
Ольга Чебанова,woman_tagged_HE,very high,1,0,HE
Мария Илюхина,woman_tagged_HE,very high,1,0,HE
Елизавета Вахранёва,woman_tagged_HE,very high,1,0,HE
Елена Лапицкая,woman_tagged_HE,very high,1,0,HE
Нина Зубкова,woman_tagged_HE,very high,1,0,HE
Ольга Шорихина,woman_tagged_HE,very high,1,0,HE
Мария Подольская,woman_tagged_HE,very high,1,0,HE
Евгения Вьюницкая,woman_tagged_HE,very high,1,0,HE
Анастасия Богатырева,woman_tagged_HE,very high,1,0,HE
Анна Привалихина,woman_tagged_HE,very high,1,0,HE
Людмила Кузякина,woman_tagged_HE,very high,1,0,HE
Анна Филатова,woman_tagged_HE,very high,1,0,HE
Татьяна Самарцева,woman_tagged_HE,very high,1,0,HE
Татьяна Ксенофонтова,woman_tagged_HE,very high,1,0,HE
Анна Мамаева,woman_tagged_HE,very high,1,0,HE
Галина Галинкина,woman_tagged_HE,very high,1,0,HE
Ксения Фомина,woman_tagged_HE,very high,1,0,HE
Лариса Ванидовская,woman_tagged_HE,very high,1,0,HE
Надежда Маевская,woman_tagged_HE,very high,1,0,HE
Яна Маевская,woman_tagged_HE,very high,1,0,HE
Зинаида Пинская,woman_tagged_HE,very high,1,0,HE
Виктория Кулакова,woman_tagged_HE,very high,1,0,HE
Наталья Люкшина,woman_tagged_HE,very high,1,0,HE
Юлия Щигорцова,woman_tagged_HE,very high,1,0,HE
Мария Новикова,woman_tagged_HE,very high,1,0,HE
Вероника Сидорова,woman_tagged_HE,very high,1,0,HE
Мария Павлова,woman_tagged_HE,very high,1,0,HE
Людмила Андреева,woman_tagged_HE,very high,1,0,HE
Светлана Ворошилова,woman_tagged_HE,very high,1,0,HE
Ольга Гнездилова,woman_tagged_HE,very high,1,0,HE
Елена Филиппова,woman_tagged_HE,very high,1,0,HE
Евгения Волкова,woman_tagged_HE,very high,1,0,HE
Анна Тростникова,woman_tagged_HE,very high,1,0,HE
Ольга Шамеева,woman_tagged_HE,very high,1,0,HE
Елизавета Куковякина,woman_tagged_HE,very high,1,0,HE
Лариса Кудрявцева,woman_tagged_HE,very high,1,0,HE
Анна Кузнецова,woman_tagged_HE,very high,1,0,HE
Ольга Старчикова,woman_tagged_HE,very high,1,0,HE
Елена Сидорова,woman_tagged_HE,very high,1,0,HE
Ксения Калинина,woman_tagged_HE,very high,1,0,HE
Нина Ленская,woman_tagged_HE,very high,1,0,HE
Анна Родионова,woman_tagged_HE,very high,1,0,HE
Наталья Багрова,woman_tagged_HE,very high,1,0,HE
Надежда Варшавская,woman_tagged_HE,very high,1,0,HE
Екатерина Воеводина,woman_tagged_HE,very high,1,0,HE
Мария Сайкина,woman_tagged_HE,very high,1,0,HE
Ольга Рубанова,woman_tagged_HE,very high,1,0,HE
Светлана Рябова,woman_tagged_HE,very high,1,0,HE
Дина Ахмедханова,woman_tagged_HE,very high,1,0,HE
Ольга Нилова,woman_tagged_HE,very high,1,0,HE
Анна Рябова,woman_tagged_HE,very high,1,0,HE
Светлана Клюкина,woman_tagged_HE,very high,1,0,HE
Елена Тимофеева,woman_tagged_HE,very high,1,0,HE
Людмила Типунова,woman_tagged_HE,very high,1,0,HE
Екатерина Сивкова,woman_tagged_HE,very high,1,0,HE
Гузель Хасанова,woman_tagged_HE,very high,1,0,HE
Алина Макарова,woman_tagged_HE,very high,1,0,HE
Елена Ходунова,woman_tagged_HE,very high,1,0,HE
Екатерина Губина,woman_tagged_HE,very high,1,0,HE
Марина Наровлянская,woman_tagged_HE,very high,1,0,HE
Ирина Позднякова,woman_tagged_HE,very high,1,0,HE
Вера Аминова,woman_tagged_HE,very high,1,0,HE
Екатерина Клюкина,woman_tagged_HE,very high,1,0,HE
Ксения Кривцова,woman_tagged_HE,very high,1,0,HE
Татьяна Берсенёва,woman_tagged_HE,very high,1,0,HE
Виктория Малькова,woman_tagged_HE,very high,1,0,HE
Наталья Борисова,woman_tagged_HE,very high,1,0,HE
Анастасия Вилкова,woman_tagged_HE,very high,1,0,HE
Диана Арзуманова,woman_tagged_HE,very high,1,0,HE
Виктория Бугрова,woman_tagged_HE,very high,1,0,HE
Ольга Скороходова,woman_tagged_HE,very high,1,0,HE
Екатерина Волженина,woman_tagged_HE,very high,1,0,HE
Софья Щукина,woman_tagged_HE,very high,1,0,HE
Анна Калитина,woman_tagged_HE,very high,1,0,HE
Ольга Пруцакова,woman_tagged_HE,very high,1,0,HE
Анна Пазельская,woman_tagged_HE,very high,1,0,HE
Валентина Пешкичева,woman_tagged_HE,very high,1,0,HE
Елена Левина,woman_tagged_HE,very high,1,0,HE
Ольга Шестерникова,woman_tagged_HE,very high,1,0,HE
Татьяна Волкова,woman_tagged_HE,very high,1,0,HE
Дарья Данилова,woman_tagged_HE,very high,1,0,HE
Марина Туркина,woman_tagged_HE,very high,1,0,HE
Лидия Романова,woman_tagged_HE,very high,1,0,HE
Елизавета Бровикова,woman_tagged_HE,very high,1,0,HE
Наталья Филатова,woman_tagged_HE,very high,1,0,HE
Юлия Студеникина,woman_tagged_HE,very high,1,0,HE
Светлана Новокрещенова,woman_tagged_HE,very high,1,0,HE
Ирина Капитанова,woman_tagged_HE,very high,1,0,HE
Татьяна Сизикова,woman_tagged_HE,very high,1,0,HE
Алина Калашникова,woman_tagged_HE,very high,1,0,HE
Юлия Шевелева,woman_tagged_HE,very high,1,0,HE
Наталия Суслова,woman_tagged_HE,very high,1,0,HE
Дарья Семеновская,woman_tagged_HE,very high,1,0,HE
Татьяна Сынтина,woman_tagged_HE,very high,1,0,HE
Ирина Стрелкова,woman_tagged_HE,very high,1,0,HE
Елена Савельева,woman_tagged_HE,very high,1,0,HE
Мария Ардулова,woman_tagged_HE,very high,1,0,HE
Татьяна Марьяхина,woman_tagged_HE,very high,1,0,HE
Наталья Васева,woman_tagged_HE,very high,1,0,HE
Ксения Ефремова,woman_tagged_HE,very high,1,0,HE
Наталия Митричева,woman_tagged_HE,very high,1,0,HE
Надежда Буйлова,woman_tagged_HE,very high,1,0,HE
Анна Митёва,woman_tagged_HE,very high,1,0,HE
Анна Фадина,woman_tagged_HE,very high,1,0,HE
Алина Феоктистова,woman_tagged_HE,very high,1,0,HE
Мария Бессуднова,woman_tagged_HE,very high,1,0,HE
Екатерина Данникова,woman_tagged_HE,very high,1,0,HE
Наталия Щербакова,woman_tagged_HE,very high,1,0,HE
Ольга Костюкова,woman_tagged_HE,very high,1,0,HE
Снежана Шабанова,woman_tagged_HE,very high,1,0,HE
Алина Выдрина,woman_tagged_HE,very high,1,0,HE
Елена Казакова,woman_tagged_HE,very high,1,0,HE
Анастасия Маркова,woman_tagged_HE,very high,1,0,HE
Екатерина Свищёва,woman_tagged_HE,very high,1,0,HE
Ирина Рубанова,woman_tagged_HE,very high,1,0,HE
Марина Даминова,woman_tagged_HE,very high,1,0,HE
Наталья Пермякова,woman_tagged_HE,very high,1,0,HE
Анна Муравьева,woman_tagged_HE,very high,1,0,HE
Татьяна Харитонова,woman_tagged_HE,very high,1,0,HE
Наталья Панишева,woman_tagged_HE,very high,1,0,HE
Мария Пантелеева,woman_tagged_HE,very high,1,0,HE
Марина Черняева,woman_tagged_HE,very high,1,0,HE
Екатерина Повалихина,woman_tagged_HE,very high,1,0,HE
Ольга Казанцева,woman_tagged_HE,very high,1,0,HE
Елена Кулакова,woman_tagged_HE,very high,1,0,HE
Наталья Акулова,woman_tagged_HE,very high,1,0,HE
Альбина Симакина,woman_tagged_HE,very high,1,0,HE
Светлана Корягина,woman_tagged_HE,very high,1,0,HE
Анна Межова,woman_tagged_HE,very high,1,0,HE
Юлия Ромашкина,woman_tagged_HE,very high,1,0,HE
Ольга Смирнова,woman_tagged_HE,very high,1,0,HE
Екатерина Кочетова,woman_tagged_HE,very high,1,0,HE
Ольга Телегина,woman_tagged_HE,very high,1,0,HE
Ульяна Капитонова,woman_tagged_HE,very high,1,0,HE
Ольга Родионова,woman_tagged_HE,very high,1,0,HE
Светлана Цветкова,woman_tagged_HE,very high,1,0,HE
Анна Осипова,woman_tagged_HE,very high,1,0,HE
Любовь Кокорева,woman_tagged_HE,very high,1,0,HE
Инна Григорьева,woman_tagged_HE,very high,1,0,HE
Елена Валина,woman_tagged_HE,very high,1,0,HE
Ульяна Страшнова,woman_tagged_HE,very high,1,0,HE
Ольга Корягина,woman_tagged_HE,very high,1,0,HE
Галина Овсянникова,woman_tagged_HE,very high,1,0,HE
Майя Прохоровская,woman_tagged_HE,very high,1,0,HE
Юлия Солдатова,woman_tagged_HE,very high,1,0,HE
Ольга Тарасова,woman_tagged_HE,very high,1,0,HE
Мария Смурова,woman_tagged_HE,very high,1,0,HE
Екатерина Романова,woman_tagged_HE,very high,1,0,HE
Дина Кашапова,woman_tagged_HE,very high,1,0,HE
Юлия Киркина,woman_tagged_HE,very high,1,0,HE
Ольга Габрусева,woman_tagged_HE,very high,1,0,HE
Анна Аввакумова,woman_tagged_HE,very high,1,0,HE
Екатерина Тюрина,woman_tagged_HE,very high,1,0,HE
Ирина Данилина,woman_tagged_HE,very high,1,0,HE
Ольга Рогозина,woman_tagged_HE,very high,1,0,HE
Ольга Квашина,woman_tagged_HE,very high,1,0,HE
Оксана Кушляева,woman_tagged_HE,very high,1,0,HE
Наталья Жданкина,woman_tagged_HE,very high,1,0,HE
Юлия Есина,woman_tagged_HE,very high,1,0,HE
Ольга Анашкина,woman_tagged_HE,very high,1,0,HE
Валентина Рябикова,woman_tagged_HE,very high,1,0,HE
Елена Силиванова,woman_tagged_HE,very high,1,0,HE
Ольга Зырянова,woman_tagged_HE,very high,1,0,HE
Ирина Яркова,woman_tagged_HE,very high,1,0,HE
Анастасия Шаркова,woman_tagged_HE,very high,1,0,HE
Валерия Зарипова,woman_tagged_HE,very high,1,0,HE
Екатерина Новицкая,woman_tagged_HE,very high,1,0,HE
Светлана Зацепилина,woman_tagged_HE,very high,1,0,HE
Софья Бардасова,woman_tagged_HE,very high,1,0,HE
Любовь Черкашина,woman_tagged_HE,very high,1,0,HE
Лариса Болотова,woman_tagged_HE,very high,1,0,HE
Светлана Панова,woman_tagged_HE,very high,1,0,HE
Ульяна Фабричнина,woman_tagged_HE,very high,1,0,HE
Варвара Зотова,woman_tagged_HE,very high,1,0,HE
Олеся Карякина,woman_tagged_HE,very high,1,0,HE
Наталья Омадова,woman_tagged_HE,very high,1,0,HE
Светлана Шаханова,woman_tagged_HE,very high,1,0,HE
Любовь Тучина,woman_tagged_HE,very high,1,0,HE
Екатерина Шилоносова,woman_tagged_HE,very high,1,0,HE
Алина Шарафеева,woman_tagged_HE,very high,1,0,HE
Ирина Чернышёва,woman_tagged_HE,very high,1,0,HE
Алена Хатюшина,woman_tagged_HE,very high,1,0,HE
Дарья Семенцова,woman_tagged_HE,very high,1,0,HE
Алена Ваксман-Атрохова,woman_tagged_HE,very high,1,0,HE
Настя Голембиовская,woman_tagged_HE,very high,1,0,HE
Мария Орлова,woman_tagged_HE,very high,1,0,HE
Ирина Леонтьева,woman_tagged_HE,very high,1,0,HE
Наталья Баранова,woman_tagged_HE,very high,1,0,HE
Ольга Семенова,woman_tagged_HE,very high,1,0,HE
Елизавета Петякина,woman_tagged_HE,very high,1,0,HE
Наталья Фролова,woman_tagged_HE,very high,1,0,HE
Елена Есина,woman_tagged_HE,very high,1,0,HE
Анна Черданцева,woman_tagged_HE,very high,1,0,HE
Елена Ионова,woman_tagged_HE,very high,1,0,HE
Любовь Кузькокова,woman_tagged_HE,very high,1,0,HE
Анна Бочарова,woman_tagged_HE,very high,1,0,HE
Наталья Виноградова,woman_tagged_HE,very high,1,0,HE
Анна Астахова,woman_tagged_HE,very high,1,0,HE
Наталья Камакина,woman_tagged_HE,very high,1,0,HE
Наталья Гололобова,woman_tagged_HE,very high,1,0,HE
Екатерина Староверова,woman_tagged_HE,very high,1,0,HE
Ирина Шаргородская-Зуева,woman_tagged_HE,very high,1,0,HE
Елена Грачева,woman_tagged_HE,very high,1,0,HE
Екатерина Быстрякова,woman_tagged_HE,very high,1,0,HE
Екатерина Крупенина,woman_tagged_HE,very high,1,0,HE
Юлия Угаркина,woman_tagged_HE,very high,1,0,HE
Алена Банникова,woman_tagged_HE,very high,1,0,HE
Катя Бучацкая,woman_tagged_HE,very high,1,0,HE
Яна Расина,woman_tagged_HE,very high,1,0,HE
Ольга Донина,woman_tagged_HE,very high,1,0,HE
Светлана Деркунская,woman_tagged_HE,very high,1,0,HE
Наталия Раевская,woman_tagged_HE,very high,1,0,HE
Юлия Глазова,woman_tagged_HE,very high,1,0,HE
Оксана Дорофеева,woman_tagged_HE,very high,1,0,HE
Аня Дубровская,woman_tagged_HE,very high,1,0,HE
Ольга Взводная,woman_tagged_HE,very high,1,0,HE
Юлия Охапкина,woman_tagged_HE,very high,1,0,HE
Екатерина Окунева,woman_tagged_HE,very high,1,0,HE
Любовь Сульдина,woman_tagged_HE,very high,1,0,HE
Евгения Воробьева,woman_tagged_HE,very high,1,0,HE
Мария Лавренова,woman_tagged_HE,very high,1,0,HE
Евгения Сухарева,woman_tagged_HE,very high,1,0,HE
Елена Борисова,woman_tagged_HE,very high,1,0,HE
Наталья Лазарева,woman_tagged_HE,very high,1,0,HE
Лилия Тельнова,woman_tagged_HE,very high,1,0,HE
Анастасия Власова,woman_tagged_HE,very high,1,0,HE
Олеся Лахтина,woman_tagged_HE,very high,1,0,HE
Евгения Сбитнева,woman_tagged_HE,very high,1,0,HE
Евгения Якимова,woman_tagged_HE,very high,1,0,HE
Мария Хамзина,woman_tagged_HE,very high,1,0,HE
Кристина Резчикова,woman_tagged_HE,very high,1,0,HE
Ольга Ефимова,woman_tagged_HE,very high,1,0,HE
Ольга Шипарева,woman_tagged_HE,very high,1,0,HE
Евгения Кузнецова,woman_tagged_HE,very high,1,0,HE
Анастасия Кандаурова,woman_tagged_HE,very high,1,0,HE
Дарья Кожевникова,woman_tagged_HE,very high,1,0,HE
Людмила Полуянцева,woman_tagged_HE,very high,1,0,HE
Наталья Журавлева,woman_tagged_HE,very high,1,0,HE
Екатерина Белоброва,woman_tagged_HE,very high,1,0,HE
Наталья Егорова,woman_tagged_HE,very high,1,0,HE
Екатерина Малишевская,woman_tagged_HE,very high,1,0,HE
Татьяна Комарова,woman_tagged_HE,very high,1,0,HE
Юлия Подина,woman_tagged_HE,very high,1,0,HE
Алена Царёва,woman_tagged_HE,very high,1,0,HE
Мария Ленкова,woman_tagged_HE,very high,1,0,HE
Тамара Коробова,woman_tagged_HE,very high,1,0,HE
Людмила Латышева,woman_tagged_HE,very high,1,0,HE
Мария Кудрявцева,woman_tagged_HE,very high,1,0,HE
Татьяна Кусова,woman_tagged_HE,very high,1,0,HE
Елена Дырвянская,woman_tagged_HE,very high,1,0,HE
Елена Шурупова,woman_tagged_HE,very high,1,0,HE
Юля Русакова,woman_tagged_HE,very high,1,0,HE
Марина Васильева,woman_tagged_HE,very high,1,0,HE
Елена Марковская,woman_tagged_HE,very high,1,0,HE
Галина Редькина,woman_tagged_HE,very high,1,0,HE
Ольга Ежкова,woman_tagged_HE,very high,1,0,HE
Наталья Королькова,woman_tagged_HE,very high,1,0,HE
Мария Бродянская,woman_tagged_HE,very high,1,0,HE
Надежда Жданова,woman_tagged_HE,very high,1,0,HE
Надежда Галактионова,woman_tagged_HE,very high,1,0,HE
Анна Кочнева,woman_tagged_HE,very high,1,0,HE
Екатерина Кондратьева,woman_tagged_HE,very high,1,0,HE
Диана Сорокина,woman_tagged_HE,very high,1,0,HE
Влада Васильева,woman_tagged_HE,very high,1,0,HE
Евгения Субботина,woman_tagged_HE,very high,1,0,HE
Анна Колобова,woman_tagged_HE,very high,1,0,HE
Елизавета Былинина,woman_tagged_HE,very high,1,0,HE
Вероника Бородина,woman_tagged_HE,very high,1,0,HE
Наталья Сивинская,woman_tagged_HE,very high,1,0,HE
Любовь Макушкина,woman_tagged_HE,very high,1,0,HE
Елена Носова,woman_tagged_HE,very high,1,0,HE
Анна Давыдкина,woman_tagged_HE,very high,1,0,HE
Екатерина Кульчицкая,woman_tagged_HE,very high,1,0,HE
Анна Ходотова,woman_tagged_HE,very high,1,0,HE
Ирина Колмакова,woman_tagged_HE,very high,1,0,HE
Юлия Шлыкова,woman_tagged_HE,very high,1,0,HE
Надежда Цапаева,woman_tagged_HE,very high,1,0,HE
Марина Степанова,woman_tagged_HE,very high,1,0,HE
Стелла Городницкая,woman_tagged_HE,very high,1,0,HE
Ольга Терехина,woman_tagged_HE,very high,1,0,HE
Наталья Гагарина,woman_tagged_HE,very high,1,0,HE
Олеся Полосина,woman_tagged_HE,very high,1,0,HE
Мария Дулатова,woman_tagged_HE,very high,1,0,HE
Татьяна Залялова,woman_tagged_HE,very high,1,0,HE
Ирина Паршикова,woman_tagged_HE,very high,1,0,HE
Наталия Байдакова,woman_tagged_HE,very high,1,0,HE
Маша Скляревская,woman_tagged_HE,very high,1,0,HE
Надежда Путилова,woman_tagged_HE,very high,1,0,HE
Ольга Ефремова,woman_tagged_HE,very high,1,0,HE
Мария Гулидова,woman_tagged_HE,very high,1,0,HE
Ольга Филимонова,woman_tagged_HE,very high,1,0,HE
Евгения Лаврова,woman_tagged_HE,very high,1,0,HE
Марина Лаврова,woman_tagged_HE,very high,1,0,HE
Ирина Славинская,woman_tagged_HE,very high,1,0,HE
Елена Хвойницкая,woman_tagged_HE,very high,1,0,HE
Наталья Валевская,woman_tagged_HE,very high,1,0,HE
Вероника Василина,woman_tagged_HE,very high,1,0,HE
Ольга Сержанова,woman_tagged_HE,very high,1,0,HE
Наталья Островерхова,woman_tagged_HE,very high,1,0,HE
Евгения Филимонова,woman_tagged_HE,very high,1,0,HE
Екатерина Зубкова,woman_tagged_HE,very high,1,0,HE
Анастасия Амалина,woman_tagged_HE,very high,1,0,HE
Ирина Медноногова,woman_tagged_HE,very high,1,0,HE
Мария Уварова,woman_tagged_HE,very high,1,0,HE
Юлия Соловьева,woman_tagged_HE,very high,1,0,HE
Дарья Петрова,woman_tagged_HE,very high,1,0,HE
Ольга Шевцова,woman_tagged_HE,very high,1,0,HE
Ирина Арбузова,woman_tagged_HE,very high,1,0,HE
Анна Волынская,woman_tagged_HE,very high,1,0,HE
Ольга Трефилова,woman_tagged_HE,very high,1,0,HE
Анастасия Дардыкина,woman_tagged_HE,very high,1,0,HE
Светлана Медведева,woman_tagged_HE,very high,1,0,HE
Анна Фефелова,woman_tagged_HE,very high,1,0,HE
Мария Смеликова,woman_tagged_HE,very high,1,0,HE
Ксения Полякова,woman_tagged_HE,very high,1,0,HE
Мария Парицкая,woman_tagged_HE,very high,1,0,HE
Наталья Овчинникова,woman_tagged_HE,very high,1,0,HE
Мария Васильева,woman_tagged_HE,very high,1,0,HE
Марина Долгополова,woman_tagged_HE,very high,1,0,HE
Юлия Ветчинкина,woman_tagged_HE,very high,1,0,HE
Евгения Пушкарёва,woman_tagged_HE,very high,1,0,HE
Мария Чуракова,woman_tagged_HE,very high,1,0,HE
Анастасия Лубенникова,woman_tagged_HE,very high,1,0,HE
Дарья Сыровегина,woman_tagged_HE,very high,1,0,HE
Ольга Агеева,woman_tagged_HE,very high,1,0,HE
Наталия Косачёва,woman_tagged_HE,very high,1,0,HE
Олеся Широбокова,woman_tagged_HE,very high,1,0,HE
Дарья Бабичева,woman_tagged_HE,very high,1,0,HE
Мария Суворова,woman_tagged_HE,very high,1,0,HE
Анна Новомлинская,woman_tagged_HE,very high,1,0,HE
Анастасия Аксенова,woman_tagged_HE,very high,1,0,HE
Елена Ленченкова,woman_tagged_HE,very high,1,0,HE
Светлана Лужецкая,woman_tagged_HE,very high,1,0,HE
Кристина Какулина,woman_tagged_HE,very high,1,0,HE
Дарина Горохова,woman_tagged_HE,very high,1,0,HE
Ольга Арапова,woman_tagged_HE,very high,1,0,HE
Наталья Никитина,woman_tagged_HE,very high,1,0,HE
Мария Попова,woman_tagged_HE,very high,1,0,HE
Елена Кондрашёва,woman_tagged_HE,very high,1,0,HE
Галина Китаева,woman_tagged_HE,very high,1,0,HE
Мария Барсукова,woman_tagged_HE,very high,1,0,HE
Евгения Шенделева,woman_tagged_HE,very high,1,0,HE
Яна Седова,woman_tagged_HE,very high,1,0,HE
Любовь Лебедева,woman_tagged_HE,very high,1,0,HE
Ирина Шесыхнева,woman_tagged_HE,very high,1,0,HE
Дарья Галеева,woman_tagged_HE,very high,1,0,HE
Ксения Прудникова,woman_tagged_HE,very high,1,0,HE
Татьяна Хрылова,woman_tagged_HE,very high,1,0,HE
Наталья Торгашёва,woman_tagged_HE,very high,1,0,HE
Карина Стародубцева,woman_tagged_HE,very high,1,0,HE
Евгения Холина,woman_tagged_HE,very high,1,0,HE
Анна Маннова,woman_tagged_HE,very high,1,0,HE
Татьяна Миронова,woman_tagged_HE,very high,1,0,HE
Екатерина Маркова,woman_tagged_HE,very high,1,0,HE
Надежда Еронова,woman_tagged_HE,very high,1,0,HE
Виктория Степкова,woman_tagged_HE,very high,1,0,HE
Светлана Костина,woman_tagged_HE,very high,1,0,HE
Екатерина Шилова,woman_tagged_HE,very high,1,0,HE
Юлия Баркина,woman_tagged_HE,very high,1,0,HE
Наталья Тупоногова,woman_tagged_HE,very high,1,0,HE
Ольга Дубинская,woman_tagged_HE,very high,1,0,HE
Надежда Князева,woman_tagged_HE,very high,1,0,HE
Елена Бузова,woman_tagged_HE,very high,1,0,HE
Вера Сучкова,woman_tagged_HE,very high,1,0,HE
Екатерина Мухина,woman_tagged_HE,very high,1,0,HE
Марина Арехина,woman_tagged_HE,very high,1,0,HE
Лидия Васильева,woman_tagged_HE,very high,1,0,HE
Анна Макарова,woman_tagged_HE,very high,1,0,HE
Татьяна Левина,woman_tagged_HE,very high,1,0,HE
Ирина Хромова,woman_tagged_HE,very high,1,0,HE
Инна Растимешина,woman_tagged_HE,very high,1,0,HE
Ольга Воробьёва,woman_tagged_HE,very high,1,0,HE
Татьяна Мозолёва,woman_tagged_HE,very high,1,0,HE
Дарья Жукова,woman_tagged_HE,very high,1,0,HE
Мария Балашова,woman_tagged_HE,very high,1,0,HE
Алёна Кулагина,woman_tagged_HE,very high,1,0,HE
Наталья Белякова,woman_tagged_HE,very high,1,0,HE
Татьяна Швакина,woman_tagged_HE,very high,1,0,HE
Анна Монастырёва,woman_tagged_HE,very high,1,0,HE
Елена Яковлева,woman_tagged_HE,very high,1,0,HE
Анастасия Ивашкина,woman_tagged_HE,very high,1,0,HE
Рита Ведянова,woman_tagged_HE,very high,1,0,HE
Ольга Желтова,woman_tagged_HE,very high,1,0,HE
Елена Быкова,woman_tagged_HE,very high,1,0,HE
Надежда Купчинская,woman_tagged_HE,very high,1,0,HE
Ирина Мамонова,woman_tagged_HE,very high,1,0,HE
Валентина Лубяная,woman_tagged_HE,very high,1,0,HE
Юлия Смородина,woman_tagged_HE,very high,1,0,HE
Надежда Воробьёва,woman_tagged_HE,very high,1,0,HE
Юлия Городилова,woman_tagged_HE,very high,1,0,HE
Марина Юнусова,woman_tagged_HE,very high,1,0,HE
Анастасия Рожина,woman_tagged_HE,very high,1,0,HE
Анна Санькова,woman_tagged_HE,very high,1,0,HE
Диана Попова,woman_tagged_HE,very high,1,0,HE
Анастасия Савельева,woman_tagged_HE,very high,1,0,HE
Анна Бессмертная,woman_tagged_HE,very high,1,0,HE
Екатерина Капустина,woman_tagged_HE,very high,1,0,HE
Юлия Меланина,woman_tagged_HE,very high,1,0,HE
Анна Коробкина,woman_tagged_HE,very high,1,0,HE
Ольга Лаврова,woman_tagged_HE,very high,1,0,HE
Любовь Туртыгина,woman_tagged_HE,very high,1,0,HE
Ольга Луговская,woman_tagged_HE,very high,1,0,HE
Нина Олевская,woman_tagged_HE,very high,1,0,HE
Валентина Сехина,woman_tagged_HE,very high,1,0,HE
Марина Баканова,woman_tagged_HE,very high,1,0,HE
Елена Кузнецова,woman_tagged_HE,very high,1,0,HE
Елена Сержантова,woman_tagged_HE,very high,1,0,HE
Татьяна Балясова,woman_tagged_HE,very high,1,0,HE
Галина Кормакулина,woman_tagged_HE,very high,1,0,HE
Клавдия Наумова,woman_tagged_HE,very high,1,0,HE
Надежда Костырева,woman_tagged_HE,very high,1,0,HE
Антонина Орлова,woman_tagged_HE,very high,1,0,HE
Людмила Вознесенская,woman_tagged_HE,very high,1,0,HE
Светлана Емануилова,woman_tagged_HE,very high,1,0,HE
Вера Волкова,woman_tagged_HE,very high,1,0,HE
Марина Чертова,woman_tagged_HE,very high,1,0,HE
Ксения Булычева,woman_tagged_HE,very high,1,0,HE
Юлия Цветянская,woman_tagged_HE,very high,1,0,HE
Наталия Шишова,woman_tagged_HE,very high,1,0,HE
Екатерина Уткина,woman_tagged_HE,very high,1,0,HE
Екатерина Щербакова,woman_tagged_HE,very high,1,0,HE
Наталья Фадеева,woman_tagged_HE,very high,1,0,HE
Анастасия Тихонова,woman_tagged_HE,very high,1,0,HE
Галина Царегородцева,woman_tagged_HE,very high,1,0,HE
Мария Журавлёва,woman_tagged_HE,very high,1,0,HE
Анна Баранкова,woman_tagged_HE,very high,1,0,HE
Татьяна Казаринова,woman_tagged_HE,very high,1,0,HE
Валентина Наниева,woman_tagged_HE,very high,1,0,HE
Мария Тимохова,woman_tagged_HE,very high,1,0,HE
Алена Свепарская,woman_tagged_HE,very high,1,0,HE
Наталья Папина,woman_tagged_HE,very high,1,0,HE
Майя Левина,woman_tagged_HE,very high,1,0,HE
Татьяна Холодилина,woman_tagged_HE,very high,1,0,HE
Алёна Иванова,woman_tagged_HE,very high,1,0,HE
Юлия Шилкина,woman_tagged_HE,very high,1,0,HE
Алёна Ганина,woman_tagged_HE,very high,1,0,HE
Елена Каткова,woman_tagged_HE,very high,1,0,HE
Ольга Флегонтова,woman_tagged_HE,very high,1,0,HE
Инна Писанова,woman_tagged_HE,very high,1,0,HE
Екатерина Низовцева,woman_tagged_HE,very high,1,0,HE
Дарья Румянцева,woman_tagged_HE,very high,1,0,HE
Полина Иванова,woman_tagged_HE,very high,1,0,HE
Екатерина Мельникова,woman_tagged_HE,very high,1,0,HE
Ирина Богданова,woman_tagged_HE,very high,1,0,HE
Мария Кузницына,woman_tagged_HE,very high,1,0,HE
Ольга Бегунова,woman_tagged_HE,very high,1,0,HE
Майя Тепловодская,woman_tagged_HE,very high,1,0,HE
Валентина Ткачева,woman_tagged_HE,very high,1,0,HE
Екатерина Антонова,woman_tagged_HE,very high,1,0,HE
Ольга Бутакова,woman_tagged_HE,very high,1,0,HE
Мария Коленкина,woman_tagged_HE,very high,1,0,HE
Мария Галаганова,woman_tagged_HE,very high,1,0,HE
Анастасия Великодная,woman_tagged_HE,very high,1,0,HE
Евгения Точилина,woman_tagged_HE,very high,1,0,HE
Екатерина Есенина,woman_tagged_HE,very high,1,0,HE
Ольга Захарова,woman_tagged_HE,very high,1,0,HE
Анна Трофимова,woman_tagged_HE,very high,1,0,HE
Наталия Коблова,woman_tagged_HE,very high,1,0,HE
Марина Волошина,woman_tagged_HE,very high,1,0,HE
Дарья Малиновская,woman_tagged_HE,very high,1,0,HE
Ирина Бяковская,woman_tagged_HE,very high,1,0,HE
Вероника Шаталина,woman_tagged_HE,very high,1,0,HE
Ирина Ванеева,woman_tagged_HE,very high,1,0,HE
Арина Далецкая,woman_tagged_HE,very high,1,0,HE
Людмила Шляхтина,woman_tagged_HE,very high,1,0,HE
Дарья Алипченкова,woman_tagged_HE,very high,1,0,HE
Дарья Чербунина,woman_tagged_HE,very high,1,0,HE
Ольга Филипьева,woman_tagged_HE,very high,1,0,HE
Алёна Свепарская,woman_tagged_HE,very high,1,0,HE
Надежда Злобина,woman_tagged_HE,very high,1,0,HE
Наталия Зайнуллина,woman_tagged_HE,very high,1,0,HE
Юлия Ткачёва,woman_tagged_HE,very high,1,0,HE
Яна Балова,woman_tagged_HE,very high,1,0,HE
Ирина Абдрашитова,woman_tagged_HE,very high,1,0,HE
Лена Рахутина,woman_tagged_HE,very high,1,0,HE
Анна Азанова,woman_tagged_HE,very high,1,0,HE
Наталья Алтунина,woman_tagged_HE,very high,1,0,HE
Екатерина Печенкина,woman_tagged_HE,very high,1,0,HE
Юлия Шилова,woman_tagged_HE,very high,1,0,HE
Галина Денискина,woman_tagged_HE,very high,1,0,HE
Ирина Бережная,woman_tagged_HE,very high,1,0,HE
Юлия Мельцина,woman_tagged_HE,very high,1,0,HE
Лариса Шемтова,woman_tagged_HE,very high,1,0,HE
Мария Дуброва,woman_tagged_HE,very high,1,0,HE
Мария Петрова,woman_tagged_HE,very high,1,0,HE
Елена Самохвалова,woman_tagged_HE,very high,1,0,HE
Марина Белоцерковская,woman_tagged_HE,very high,1,0,HE
Кристина Заборщикова,woman_tagged_HE,very high,1,0,HE
Полина Бартенева,woman_tagged_HE,very high,1,0,HE
Вера Забавская,woman_tagged_HE,very high,1,0,HE
Кристина Янкова,woman_tagged_HE,very high,1,0,HE
Елена Сандинская,woman_tagged_HE,very high,1,0,HE
Анастасия Горелова,woman_tagged_HE,very high,1,0,HE
Елизавета Агафонова,woman_tagged_HE,very high,1,0,HE
Анастасия Шершун,woman_tagged_HE,high,1,0,HE
Екатерина Луговая,woman_tagged_HE,high,1,0,HE
Юлия Панкевич,woman_tagged_HE,high,1,0,HE
Ольга Ищук,woman_tagged_HE,high,1,0,HE
Кристина Зуйко,woman_tagged_HE,high,1,0,HE
Юлия Аксёненко,woman_tagged_HE,high,1,0,HE
Анна Петрунько,woman_tagged_HE,high,1,0,HE
Ирина Чернуха,woman_tagged_HE,high,1,0,HE
Юлия Пельтинович,woman_tagged_HE,high,1,0,HE
Татьяна Машнич,woman_tagged_HE,high,1,0,HE
Елена Ивченко,woman_tagged_HE,high,1,0,HE
Алена Гекк,woman_tagged_HE,high,1,0,HE
Ирина Ломидзе,woman_tagged_HE,high,1,0,HE
Екатерина Отто,woman_tagged_HE,high,1,0,HE
Анна Володкевич,woman_tagged_HE,high,1,0,HE
Галина Воловник,woman_tagged_HE,high,1,0,HE
Мария Давидюк,woman_tagged_HE,high,1,0,HE
Наталья Стрелок,woman_tagged_HE,high,1,0,HE
Мария Бырсан,woman_tagged_HE,high,1,0,HE
Анна Цилевич,woman_tagged_HE,high,1,0,HE
Ксения Пелячик,woman_tagged_HE,high,1,0,HE
Елена Касьяник,woman_tagged_HE,high,1,0,HE
Светлана Ч.,woman_tagged_HE,high,1,0,HE
Дарья Степанюк,woman_tagged_HE,high,1,0,HE
Наталья Диденко,woman_tagged_HE,high,1,0,HE
Наталья Мякиш,woman_tagged_HE,high,1,0,HE
Алина Мандель,woman_tagged_HE,high,1,0,HE
Инна Непомнящая,woman_tagged_HE,high,1,0,HE
Анна Колб,woman_tagged_HE,high,1,0,HE
Евгения Курц,woman_tagged_HE,high,1,0,HE
Наталья Машталир,woman_tagged_HE,high,1,0,HE
Ольга Поляруш,woman_tagged_HE,high,1,0,HE
Евгения Герман,woman_tagged_HE,high,1,0,HE
Татьяна Войтович,woman_tagged_HE,high,1,0,HE
Виктория Флоря,woman_tagged_HE,high,1,0,HE
Оксана Грига,woman_tagged_HE,high,1,0,HE
Марина Таранчук,woman_tagged_HE,high,1,0,HE
Галина Руденко,woman_tagged_HE,high,1,0,HE
Юлия Городищер,woman_tagged_HE,high,1,0,HE
Ольга Лауберте,woman_tagged_HE,high,1,0,HE
Виктория Евтушенко,woman_tagged_HE,high,1,0,HE
Екатерина Бруй,woman_tagged_HE,high,1,0,HE
Вера Фоминых,woman_tagged_HE,high,1,0,HE
Елена Кригер,woman_tagged_HE,high,1,0,HE
Татьяна Арутюнян,woman_tagged_HE,high,1,0,HE
Анастасия Добросинец,woman_tagged_HE,high,1,0,HE
Дарья Рачок,woman_tagged_HE,high,1,0,HE
Мария Скорченко,woman_tagged_HE,high,1,0,HE
Антонина Полулях,woman_tagged_HE,high,1,0,HE
Людмила Штейман,woman_tagged_HE,high,1,0,HE
Вера Дутчин,woman_tagged_HE,high,1,0,HE
Анна Бланк,woman_tagged_HE,high,1,0,HE
Галина Кобылёха,woman_tagged_HE,high,1,0,HE
Вероника Шур,woman_tagged_HE,high,1,0,HE
Юлия Стрельченко,woman_tagged_HE,high,1,0,HE
Полина Саханевич,woman_tagged_HE,high,1,0,HE
Дарья Бер,woman_tagged_HE,high,1,0,HE
Оксана Вдовенко,woman_tagged_HE,high,1,0,HE
Оксана Мирошниченко,woman_tagged_HE,high,1,0,HE
Наталья Колесниченко,woman_tagged_HE,high,1,0,HE
Наталья Грейз,woman_tagged_HE,high,1,0,HE
Елена Плищенко,woman_tagged_HE,high,1,0,HE
Елена Куйбан,woman_tagged_HE,high,1,0,HE
Ольга Павлович,woman_tagged_HE,high,1,0,HE
Анна Сильченко,woman_tagged_HE,high,1,0,HE
Наталья Кокоз,woman_tagged_HE,high,1,0,HE
Екатерина Сильвай,woman_tagged_HE,high,1,0,HE
Алена Бабич,woman_tagged_HE,high,1,0,HE
Светлана Скимель,woman_tagged_HE,high,1,0,HE
Ольга Вайншток,woman_tagged_HE,high,1,0,HE
Оксана Шимане,woman_tagged_HE,high,1,0,HE
Ольга Гнатюк,woman_tagged_HE,high,1,0,HE
Елена Ессяк,woman_tagged_HE,high,1,0,HE
Ольга Берелехис,woman_tagged_HE,high,1,0,HE
Ольга Хименец,woman_tagged_HE,high,1,0,HE
Светлана Кондратюк,woman_tagged_HE,high,1,0,HE
Алина Дементий,woman_tagged_HE,high,1,0,HE
Наталья Кушнир,woman_tagged_HE,high,1,0,HE
Дарья Лугоненко,woman_tagged_HE,high,1,0,HE
Мария Рафалович,woman_tagged_HE,high,1,0,HE
Анна Абрамян,woman_tagged_HE,high,1,0,HE
Светлана Жаботейко,woman_tagged_HE,high,1,0,HE
Екатерина Вонс,woman_tagged_HE,high,1,0,HE
Валентина Шкулепа,woman_tagged_HE,high,1,0,HE
Ольга Вадзюк,woman_tagged_HE,high,1,0,HE
Полина Груць,woman_tagged_HE,high,1,0,HE
Оксана Шутряк,woman_tagged_HE,high,1,0,HE
Марина Козачок,woman_tagged_HE,high,1,0,HE
Юлия Крук,woman_tagged_HE,high,1,0,HE
Ольга Черник,woman_tagged_HE,high,1,0,HE
Светлана Ларетус,woman_tagged_HE,high,1,0,HE
Анастасия Карп,woman_tagged_HE,high,1,0,HE
Майя Калихман,woman_tagged_HE,high,1,0,HE
Маргарита Скоморох,woman_tagged_HE,high,1,0,HE
Екатерина Берн,woman_tagged_HE,high,1,0,HE
Анна Данилович,woman_tagged_HE,high,1,0,HE
Ксения Дьяченко,woman_tagged_HE,high,1,0,HE
Татьяна Кушнир,woman_tagged_HE,high,1,0,HE
Елена Доля,woman_tagged_HE,high,1,0,HE
Лилия Лурье,woman_tagged_HE,high,1,0,HE
Ника Татуашвили,woman_tagged_HE,high,1,0,HE
Ирина Вабищевич,woman_tagged_HE,high,1,0,HE
Елена Головко,woman_tagged_HE,high,1,0,HE
Лариса Тимченко,woman_tagged_HE,high,1,0,HE
Наталья Айхинер,woman_tagged_HE,high,1,0,HE
Людмила Пономаренко,woman_tagged_HE,high,1,0,HE
Алена Мельченко,woman_tagged_HE,high,1,0,HE
Зоя Шойхет,woman_tagged_HE,high,1,0,HE
Инна Гримпель,woman_tagged_HE,high,1,0,HE
Наталья Великая,woman_tagged_HE,high,1,0,HE
Екатерина Вдовиченко,woman_tagged_HE,high,1,0,HE
Людмила Горбань,woman_tagged_HE,high,1,0,HE
Татьяна Бах,woman_tagged_HE,high,1,0,HE
Юлия Беткер,woman_tagged_HE,high,1,0,HE
Варвара Галенко,woman_tagged_HE,high,1,0,HE
Екатерина Андерсон,woman_tagged_HE,high,1,0,HE
Светлана Ковтун,woman_tagged_HE,high,1,0,HE
Ирина Михненко,woman_tagged_HE,high,1,0,HE
Ольга Дайч,woman_tagged_HE,high,1,0,HE
Мария Кобылёха,woman_tagged_HE,high,1,0,HE
Татьяна Яценко,woman_tagged_HE,high,1,0,HE
Марина Гешель,woman_tagged_HE,high,1,0,HE
Татьяна Бакман,woman_tagged_HE,high,1,0,HE
Анна Гриценко,woman_tagged_HE,high,1,0,HE
Елена Клоцман,woman_tagged_HE,high,1,0,HE
Наталья Довгалюк,woman_tagged_HE,high,1,0,HE
Кристина Папрецките,woman_tagged_HE,high,1,0,HE
Ирина Вертмиллер,woman_tagged_HE,high,1,0,HE
Людмила Юцкевич,woman_tagged_HE,high,1,0,HE
Инна Гиленко,woman_tagged_HE,high,1,0,HE
Евгения Ходак,woman_tagged_HE,high,1,0,HE
Виктория Аронович,woman_tagged_HE,high,1,0,HE
Екатерина Лало,woman_tagged_HE,high,1,0,HE
Юлия Явари,woman_tagged_HE,high,1,0,HE
Ольга Павлюк,woman_tagged_HE,high,1,0,HE
Елена Шевчук,woman_tagged_HE,high,1,0,HE
Ирина Лютько,woman_tagged_HE,high,1,0,HE
Елена Линдеман,woman_tagged_HE,high,1,0,HE
Елена Калита,woman_tagged_HE,high,1,0,HE
Диана Гольдин,woman_tagged_HE,high,1,0,HE
Екатерина Орёл,woman_tagged_HE,high,1,0,HE
Мария Приходько,woman_tagged_HE,high,1,0,HE
Юлия Вестфрид,woman_tagged_HE,high,1,0,HE
Ольга Брижатенко,woman_tagged_HE,high,1,0,HE
Елена Голущенко,woman_tagged_HE,high,1,0,HE
Наталья Буландо,woman_tagged_HE,high,1,0,HE
Анна Шефер,woman_tagged_HE,high,1,0,HE
Вера Ведута,woman_tagged_HE,high,1,0,HE
Татьяна Коваленко,woman_tagged_HE,high,1,0,HE
Юлия Лещенко,woman_tagged_HE,high,1,0,HE
Арина Левински,woman_tagged_HE,high,1,0,HE
Татьяна Борисенко,woman_tagged_HE,high,1,0,HE
Юлия Перетяченко,woman_tagged_HE,high,1,0,HE
Алина Казанджи,woman_tagged_HE,high,1,0,HE
Дарья Маштак,woman_tagged_HE,high,1,0,HE
Нина Собещук,woman_tagged_HE,high,1,0,HE
Елена Стрельчик,woman_tagged_HE,high,1,0,HE
Анастасия Прохоренко,woman_tagged_HE,high,1,0,HE
Алёна Авруцки,woman_tagged_HE,high,1,0,HE
Яна Платэ,woman_tagged_HE,high,1,0,HE
Евгения Швед,woman_tagged_HE,high,1,0,HE
Анна Гейшерик,woman_tagged_HE,high,1,0,HE
Таисия Ржомба,woman_tagged_HE,high,1,0,HE
Регина Стальнухин,woman_tagged_HE,high,1,0,HE
Мария Сашинская ван Камп,woman_tagged_HE,high,1,0,HE
Ксения Удовенко,woman_tagged_HE,high,1,0,HE
Анна Ясельман,woman_tagged_HE,high,1,0,HE
Татьяна Данько,woman_tagged_HE,high,1,0,HE
Вероника Гирининкайте,woman_tagged_HE,high,1,0,HE
Карина Ан,woman_tagged_HE,high,1,0,HE
Наталия Нежиренко,woman_tagged_HE,high,1,0,HE
Мария Тарасенко,woman_tagged_HE,high,1,0,HE
Елизавета Тимченко,woman_tagged_HE,high,1,0,HE
Дина Гольдин,woman_tagged_HE,high,1,0,HE
Ольга Кучеренко,woman_tagged_HE,high,1,0,HE
Дарья Долгих,woman_tagged_HE,high,1,0,HE
Яна Лешкович,woman_tagged_HE,high,1,0,HE
Полина Питерсон,woman_tagged_HE,high,1,0,HE
Рита Вольф,woman_tagged_HE,high,1,0,HE
Мария Климчук,woman_tagged_HE,high,1,0,HE
Влада Мащенко,woman_tagged_HE,high,1,0,HE
Ульяна Кондря,woman_tagged_HE,high,1,0,HE
Маргарита Ісаакян,woman_tagged_HE,high,1,0,HE
Елизавета Макаревич,woman_tagged_HE,high,1,0,HE
Алина Беркут,woman_tagged_HE,high,1,0,HE
Елизавета Коломиец,woman_tagged_HE,high,1,0,HE
Яна Прежепляско,woman_tagged_HE,high,1,0,HE
Екатерина Мищенко,woman_tagged_HE,high,1,0,HE
Маргарита Исаакян,woman_tagged_HE,high,1,0,HE
Светлана Колешко,woman_tagged_HE,high,1,0,HE
Татьяна Захожая-Василюк,woman_tagged_HE,high,1,0,HE
Екатерина Степаненко,woman_tagged_HE,high,1,0,HE
Валерия Говоруха,woman_tagged_HE,high,1,0,HE
Инна Талалай,woman_tagged_HE,high,1,0,HE
Анна Ермачёнок,woman_tagged_HE,high,1,0,HE
Наталья Стадник,woman_tagged_HE,high,1,0,HE
Кристина Аврам,woman_tagged_HE,high,1,0,HE
Ксения Мельниченко,woman_tagged_HE,high,1,0,HE
Мария Гуляко,woman_tagged_HE,high,1,0,HE
Алиса Обухова,woman_tagged_HE,medium,1,0,HE
Алиса Канарская,woman_tagged_HE,medium,1,0,HE
Наиля Амирбекова,woman_tagged_HE,medium,1,0,HE
Диляра Галина,woman_tagged_HE,medium,1,0,HE
Александра Нестерова,woman_tagged_HE,medium,1,0,HE
Мадина Дерягина,woman_tagged_HE,medium,1,0,HE
Сайра Амантаева,woman_tagged_HE,medium,1,0,HE
Эдита Нефедова,woman_tagged_HE,medium,1,0,HE
Неля Беляева,woman_tagged_HE,medium,1,0,HE
Алиса Хабирова,woman_tagged_HE,medium,1,0,HE
Мадина Заузанова,woman_tagged_HE,medium,1,0,HE
Изета Насырова,woman_tagged_HE,medium,1,0,HE
Фаиля Ягодкина,woman_tagged_HE,medium,1,0,HE
Кая Старохамская,woman_tagged_HE,medium,1,0,HE
Инесса Василевская,woman_tagged_HE,medium,1,0,HE
Мила Литовская,woman_tagged_HE,medium,1,0,HE
Александра Плаксина,woman_tagged_HE,medium,1,0,HE
Рогнеда Романовская,woman_tagged_HE,medium,1,0,HE
Александра Бойкова,woman_tagged_HE,medium,1,0,HE
Александра Пшеничная,woman_tagged_HE,medium,1,0,HE
Таира Мамедова,woman_tagged_HE,medium,1,0,HE
Эдита Острова,woman_tagged_HE,medium,1,0,HE
Магдалена Сластушинская,woman_tagged_HE,medium,1,0,HE
Александра Гарбузова,woman_tagged_HE,medium,1,0,HE
Александра Ромашева,woman_tagged_HE,medium,1,0,HE
Джамиля Кораблина,woman_tagged_HE,medium,1,0,HE
Александра Сюгина,woman_tagged_HE,medium,1,0,HE
Марьяна Резникова,woman_tagged_HE,medium,1,0,HE
Ася Смирнова,woman_tagged_HE,medium,1,0,HE
Марианна Баринова,woman_tagged_HE,medium,1,0,HE
Аля Перлина,woman_tagged_HE,medium,1,0,HE
Мария-Юлия Пригоровская,woman_tagged_HE,medium,1,0,HE
Юлианна Цветкова,woman_tagged_HE,medium,1,0,HE
Дора Лубенская,woman_tagged_HE,medium,1,0,HE
Сэсэгма Тудупова,woman_tagged_HE,medium,1,0,HE
Мелинда Тайжетинова,woman_tagged_HE,medium,1,0,HE
Инесса Трегубова,woman_tagged_HE,medium,1,0,HE
Донара Морозова,woman_tagged_HE,medium,1,0,HE
Любомира Ремажевская,woman_tagged_HE,medium,1,0,HE
Альвина Сайфулллина,woman_tagged_HE,medium,1,0,HE
Марианна Златкина,woman_tagged_HE,medium,1,0,HE
Прасковья Тулупова,woman_tagged_HE,medium,1,0,HE
Александра Мальдова,woman_tagged_HE,medium,1,0,HE
Мара Будовская,woman_tagged_HE,medium,1,0,HE
Яня Хлюстова,woman_tagged_HE,medium,1,0,HE
Кира Солопонова,woman_tagged_HE,medium,1,0,HE
Александра Каранина,woman_tagged_HE,medium,1,0,HE
Изольда Семынина,woman_tagged_HE,medium,1,0,HE
Ася Шумяцкая,woman_tagged_HE,medium,1,0,HE
Александра Волкова,woman_tagged_HE,medium,1,0,HE
Станислава Лесная,woman_tagged_HE,medium,1,0,HE
Адиля Фаттахова,woman_tagged_HE,medium,1,0,HE
Лейла Ахмадеева,woman_tagged_HE,medium,1,0,HE
Янина Хрустовская,woman_tagged_HE,medium,1,0,HE
Кира Деева,woman_tagged_HE,medium,1,0,HE
Александра Кокорина,woman_tagged_HE,medium,1,0,HE
Альфия Торгунакова,woman_tagged_HE,medium,1,0,HE
Василиса Цветкова,woman_tagged_HE,medium,1,0,HE
Алла Скрыльникова,woman_tagged_HE,medium,1,0,HE
Янина Лукашова,woman_tagged_HE,medium,1,0,HE
Александра Грушина,woman_tagged_HE,medium,1,0,HE
Заррина Амиридинова,woman_tagged_HE,medium,1,0,HE
Катерина Абрашина,woman_tagged_HE,medium,1,0,HE
Александра Деревнина,woman_tagged_HE,medium,1,0,HE
Александра Соколова,woman_tagged_HE,medium,1,0,HE
Евдокия Фофанова,woman_tagged_HE,medium,1,0,HE
Александра Семёнова,woman_tagged_HE,medium,1,0,HE
Александра Раскумандрина,woman_tagged_HE,medium,1,0,HE
Александра Хитрова,woman_tagged_HE,medium,1,0,HE
Катерина Хасаншина,woman_tagged_HE,medium,1,0,HE
Алла Мезина,woman_tagged_HE,medium,1,0,HE
Александра Башина,woman_tagged_HE,medium,1,0,HE
